id_venta,id_producto,nombre_producto,id_tipo_producto,nombre_tipo_producto,prefijo_tp,id_linea,nombre_linea,prefijo_lp,id_genero,nombre_genero,id_sucursal,nombre_sucursal,id_estado,nombre_estado,id_pais,nombre_pais,iso_3166,id_tipo_sucursal,cantidad,fecha_venta,año_venta,mes_venta,costo_unitario,precio_lista,id_promocion,fecha_inicial,fecha_final,pais_valido,descuento_promo,id_lealtad,fecha_registro,fecha_nacimiento,edad,id_sexo,nombre_sexo,id_medio,nombre_medio,segmento_edad,descuento_lealtad,precio_venta
153342,AL-010,EYEGLASS & WATCH CASE,ACC,ACCESORIOS,A,LUX,LUXURY,L,U,UNISEX,SCT,SOUTH COAST,CA,CALIFORNIA,US,ESTADOS UNIDOS,USA,PRE,1,44153,2020,11-NOV,233.75,1499.97,,,,,0,726829,43893,27338,47,M,MUJER,OTRO,OTRO,ENTRE 41 Y 50,0,1499.97
183676,AL-010,EYEGLASS & WATCH CASE,ACC,ACCESORIOS,A,LUX,LUXURY,L,U,UNISEX,PER,PERISUR COYOACÁN,CDMX,CIUDAD DE MÉXICO,MX,MÉXICO,MEX,PRE,1,44340,2021,05-MAY,233.75,1499.97,,,,,0,556875,43890,31796,34,M,MUJER,WS,WEB SITE,ENTRE 31 Y 40,0,1499.97
206580,LS-040,WILD ROSE SUNGLASS,LEN,LENTES,L,SPO,SPORT,S,M,MUJER,GLL,THE GALLERÍA,TX,TEXAS,US,ESTADOS UNIDOS,USA,PRE,1,44526,2021,11-NOV,307.9125,2123.63,,,,,0,742167,43843,31540,35,M,MUJER,OTRO,OTRO,ENTRE 31 Y 40,0,2123.63
194566,LS-030,SERIE T,LEN,LENTES,L,SPO,SPORT,S,U,UNISEX,MHT,MANHATTAN MALL,NY,NEW YORK,US,ESTADOS UNIDOS,USA,PRE,3,44470,2021,10-OCT,215.05,1800.55,,,,,0,701366,43880,34190,28,M,MUJER,OTRO,OTRO,ENTRE 21 Y 30,0,5401.65
175752,LL-010,TREVORY,LEN,LENTES,L,LUX,LUXURY,L,H,HOMBRE,QUE,QUEENS PLACE,NY,NEW YORK,US,ESTADOS UNIDOS,USA,PRE,1,44293,2021,04-ABR,208.25,3924.5,,,,,0,,,,,,,,,,0,3924.5
165984,AL-010,EYEGLASS & WATCH CASE,ACC,ACCESORIOS,A,LUX,LUXURY,L,U,UNISEX,SCT,SOUTH COAST,CA,CALIFORNIA,US,ESTADOS UNIDOS,USA,PRE,1,44228,2021,02-FEB,233.75,1499.97,,,,,0,498731,43842,35799,23,H,HOMBRE,REV,REVISTA,ENTRE 21 Y 30,0,1499.97
207502,AL-010,EYEGLASS & WATCH CASE,ACC,ACCESORIOS,A,LUX,LUXURY,L,U,UNISEX,SCT,SOUTH COAST,CA,CALIFORNIA,US,ESTADOS UNIDOS,USA,PRE,2,44528,2021,11-NOV,268.8125,1499.97,,,,,0,,,,,,,,,,0,2999.94
201376,AL-030,IKARVS KEY RING,ACC,ACCESORIOS,A,LUX,LUXURY,L,U,UNISEX,GLL,THE GALLERÍA,TX,TEXAS,US,ESTADOS UNIDOS,USA,PRE,1,44511,2021,11-NOV,43.9875,653.37,,,,,0,501240,43888,28396,44,H,HOMBRE,OTRO,OTRO,ENTRE 41 Y 50,0,653.37
143476,AL-030,IKARVS KEY RING,ACC,ACCESORIOS,A,LUX,LUXURY,L,U,UNISEX,QUE,QUEENS PLACE,NY,NEW YORK,US,ESTADOS UNIDOS,USA,PRE,1,44045,2020,08-AGO,40.05,607.29,,,,,0,746948,43871,32444,33,M,MUJER,OTRO,OTRO,ENTRE 31 Y 40,0,607.29
155014,AL-030,IKARVS KEY RING,ACC,ACCESORIOS,A,LUX,LUXURY,L,U,UNISEX,SCT,SOUTH COAST,CA,CALIFORNIA,US,ESTADOS UNIDOS,USA,PRE,1,44160,2020,11-NOV,40.05,607.29,,,,,0,351728,43894,33015,31,H,HOMBRE,WS,WEB SITE,ENTRE 31 Y 40,0,607.29
146136,AL-020,IKARVS XXI PEN,ACC,ACCESORIOS,A,LUX,LUXURY,L,H,HOMBRE,PFA,FIESTA FASHION DRIVE,NL,NUEVO LEÓN,MX,MÉXICO,MEX,PRE,1,44091,2020,09-SEP,66.4,1254.89,,,,,0,,,,,,,,,,0,1254.89
143670,LS-040,WILD ROSE SUNGLASS,LEN,LENTES,L,SPO,SPORT,S,M,MUJER,SCT,SOUTH COAST,CA,CALIFORNIA,US,ESTADOS UNIDOS,USA,PRE,1,44049,2020,08-AGO,301.55,1910.7,,,,,0,611233,43891,33214,31,H,HOMBRE,OTRO,OTRO,ENTRE 31 Y 40,0,1910.7
185336,LS-030,SERIE T,LEN,LENTES,L,SPO,SPORT,S,U,UNISEX,WDF,WOODFIELD,IL,ILLINOIS,US,ESTADOS UNIDOS,USA,PRE,1,44350,2021,06-JUN,215.05,1800.55,,,,,0,593274,43842,26960,48,M,MUJER,WS,WEB SITE,ENTRE 41 Y 50,0,1800.55
156292,LL-010,TREVORY,LEN,LENTES,L,LUX,LUXURY,L,H,HOMBRE,PAM,PABELLÓN M,NL,NUEVO LEÓN,MX,MÉXICO,MEX,EST,1,44166,2020,12-DIC,208.25,3924.5,,,,,0,706589,43908,18939,70,M,MUJER,OTRO,OTRO,MAYORES DE 50,0,3924.5
146972,LL-020,RACER,LEN,LENTES,L,LUX,LUXURY,L,H,HOMBRE,QUE,QUEENS PLACE,NY,NEW YORK,US,ESTADOS UNIDOS,USA,PRE,1,44102,2020,09-SEP,324.7,4399.85,,,,,0,,,,,,,,,,0,4399.85
130428,AL-030,IKARVS KEY RING,ACC,ACCESORIOS,A,LUX,LUXURY,L,U,UNISEX,PAM,PABELLÓN M,NL,NUEVO LEÓN,MX,MÉXICO,MEX,EST,1,43867,2020,02-FEB,38.25,570.8526,,,,,0,,,,,,,,,,0,570.8526
130204,WS-030,FRAMBOYAN X,REL,RELOJ,W,SPO,SPORT,S,H,HOMBRE,SCT,SOUTH COAST,CA,CALIFORNIA,US,ESTADOS UNIDOS,USA,PRE,1,43866,2020,02-FEB,552.5,5933.5385,,,,,0,,,,,,,,,,0,5933.5385
178286,WL-020,BLUE ROSE,REL,RELOJ,W,LUX,LUXURY,L,M,MUJER,MHT,MANHATTAN MALL,NY,NEW YORK,US,ESTADOS UNIDOS,USA,PRE,1,44310,2021,04-ABR,3570,21006.84,,,,,0.25,659346,43858,31590,35,H,HOMBRE,OTRO,OTRO,ENTRE 31 Y 40,0.05,14704.788
153192,AL-010,EYEGLASS & WATCH CASE,ACC,ACCESORIOS,A,LUX,LUXURY,L,U,UNISEX,QUE,QUEENS PLACE,NY,NEW YORK,US,ESTADOS UNIDOS,USA,PRE,1,44152,2020,11-NOV,233.75,1499.97,,,,,0,329862,43878,35538,24,H,HOMBRE,WS,WEB SITE,ENTRE 21 Y 30,0,1499.97
162238,AL-020,IKARVS XXI PEN,ACC,ACCESORIOS,A,LUX,LUXURY,L,H,HOMBRE,WDF,WOODFIELD,IL,ILLINOIS,US,ESTADOS UNIDOS,USA,PRE,1,44189,2020,12-DIC,66.4,1254.89,,,,,0,235211,43852,33905,29,M,MUJER,EMAIL,CORREO ELECTRÓNICO,ENTRE 21 Y 30,0,1254.89
146168,LS-040,WILD ROSE SUNGLASS,LEN,LENTES,L,SPO,SPORT,S,M,MUJER,SCT,SOUTH COAST,CA,CALIFORNIA,US,ESTADOS UNIDOS,USA,PRE,1,44092,2020,09-SEP,301.55,1910.7,,,,,0,768511,43890,26493,49,H,HOMBRE,FBIG,FACEBOOK/INSTAGRAM,ENTRE 41 Y 50,0,1910.7
217260,AL-030,IKARVS KEY RING,ACC,ACCESORIOS,A,LUX,LUXURY,L,U,UNISEX,MHT,MANHATTAN MALL,NY,NEW YORK,US,ESTADOS UNIDOS,USA,PRE,1,44550,2021,12-DIC,43.9875,653.37,,,,,0,177747,43918,34810,26,H,HOMBRE,EMAIL,CORREO ELECTRÓNICO,ENTRE 21 Y 30,0,653.37
173898,AL-030,IKARVS KEY RING,ACC,ACCESORIOS,A,LUX,LUXURY,L,U,UNISEX,MHT,MANHATTAN MALL,NY,NEW YORK,US,ESTADOS UNIDOS,USA,PRE,1,44279,2021,03-MAR,40.05,607.29,,,,,0,506118,43839,32278,33,H,HOMBRE,FBIG,FACEBOOK/INSTAGRAM,ENTRE 31 Y 40,0,607.29
189246,LL-020,RACER,LEN,LENTES,L,LUX,LUXURY,L,H,HOMBRE,WDF,WOODFIELD,IL,ILLINOIS,US,ESTADOS UNIDOS,USA,PRE,1,44409,2021,08-AGO,373.405,4835.77,,,,,0,149482,43884,30126,39,M,MUJER,OTRO,OTRO,ENTRE 31 Y 40,0,4835.77
170926,LL-020,RACER,LEN,LENTES,L,LUX,LUXURY,L,H,HOMBRE,MHT,MANHATTAN MALL,NY,NEW YORK,US,ESTADOS UNIDOS,USA,PRE,2,44251,2021,02-FEB,324.7,4399.85,,,,,0,,,,,,,,,,0,8799.7
210284,AL-030,IKARVS KEY RING,ACC,ACCESORIOS,A,LUX,LUXURY,L,U,UNISEX,QUE,QUEENS PLACE,NY,NEW YORK,US,ESTADOS UNIDOS,USA,PRE,1,44535,2021,12-DIC,43.9875,653.37,,,,,0,528875,43871,29835,40,H,HOMBRE,OTRO,OTRO,ENTRE 31 Y 40,0,653.37
177926,AX-040,THE IKARVS CLOTCH BAG,ACC,ACCESORIOS,A,EXC,EXCLUSIVE,X,M,MUJER,MHT,MANHATTAN MALL,NY,NEW YORK,US,ESTADOS UNIDOS,USA,PRE,1,44307,2021,04-ABR,382.5,17783.96,MOM2021,44287,44306,TODOS,0.25,,,,,,,,,,0.05,12448.772
213490,LL-020,RACER,LEN,LENTES,L,LUX,LUXURY,L,H,HOMBRE,PFA,FIESTA FASHION DRIVE,NL,NUEVO LEÓN,MX,MÉXICO,MEX,PRE,1,44542,2021,12-DIC,373.405,4835.77,,,,,0.25,386394,43910,33630,29,M,MUJER,OTRO,OTRO,ENTRE 21 Y 30,0.05,3385.039
210930,AL-010,EYEGLASS & WATCH CASE,ACC,ACCESORIOS,A,LUX,LUXURY,L,U,UNISEX,PFA,FIESTA FASHION DRIVE,NL,NUEVO LEÓN,MX,MÉXICO,MEX,PRE,1,44536,2021,12-DIC,268.8125,1499.97,,,,,0,,,,,,,,,,0,1499.97
145654,AL-010,EYEGLASS & WATCH CASE,ACC,ACCESORIOS,A,LUX,LUXURY,L,U,UNISEX,WDF,WOODFIELD,IL,ILLINOIS,US,ESTADOS UNIDOS,USA,PRE,1,44084,2020,09-SEP,233.75,1499.97,,,,,0,175824,43888,31589,35,H,HOMBRE,FBIG,FACEBOOK/INSTAGRAM,ENTRE 31 Y 40,0,1499.97
141408,AX-040,THE IKARVS CLOTCH BAG,ACC,ACCESORIOS,A,EXC,EXCLUSIVE,X,M,MUJER,WDF,WOODFIELD,IL,ILLINOIS,US,ESTADOS UNIDOS,USA,PRE,3,44000,2020,06-JUN,382.5,17783.96,,,,,0,571704,43841,30567,38,H,HOMBRE,OTRO,OTRO,ENTRE 31 Y 40,0,53351.88
184634,AL-030,IKARVS KEY RING,ACC,ACCESORIOS,A,LUX,LUXURY,L,U,UNISEX,MHT,MANHATTAN MALL,NY,NEW YORK,US,ESTADOS UNIDOS,USA,PRE,1,44345,2021,05-MAY,40.05,607.29,,,,,0,776484,43860,34537,27,M,MUJER,AMI,AMIGOS,ENTRE 21 Y 30,0,607.29
161264,WS-040,ADVANCE ONE,REL,RELOJ,W,SPO,SPORT,S,M,MUJER,GAL,GALERÍAS GUADALAJARA,JAL,JALISCO,MX,MÉXICO,MEX,EST,1,44185,2020,12-DIC,467.5,4794.8928,,,,,0,,,,,,,,,,0,4794.8928
191362,LS-030,SERIE T,LEN,LENTES,L,SPO,SPORT,S,U,UNISEX,SCT,SOUTH COAST,CA,CALIFORNIA,US,ESTADOS UNIDOS,USA,PRE,1,44443,2021,09-SEP,215.05,1800.55,,,,,0,782269,43879,30933,37,H,HOMBRE,EMAIL,CORREO ELECTRÓNICO,ENTRE 31 Y 40,0,1800.55
183358,AX-040,THE IKARVS CLOTCH BAG,ACC,ACCESORIOS,A,EXC,EXCLUSIVE,X,M,MUJER,WDF,WOODFIELD,IL,ILLINOIS,US,ESTADOS UNIDOS,USA,PRE,1,44338,2021,05-MAY,382.5,17783.96,,,,,0,171695,43892,34630,27,H,HOMBRE,OTRO,OTRO,ENTRE 21 Y 30,0,17783.96
200264,AL-010,EYEGLASS & WATCH CASE,ACC,ACCESORIOS,A,LUX,LUXURY,L,U,UNISEX,PER,PERISUR COYOACÁN,CDMX,CIUDAD DE MÉXICO,MX,MÉXICO,MEX,PRE,1,44507,2021,11-NOV,268.8125,1499.97,,,,,0,,,,,,,,,,0,1499.97
219194,AL-020,IKARVS XXI PEN,ACC,ACCESORIOS,A,LUX,LUXURY,L,H,HOMBRE,PFA,FIESTA FASHION DRIVE,NL,NUEVO LEÓN,MX,MÉXICO,MEX,PRE,1,44554,2021,12-DIC,73.3125,1379.92,,,,,0,,,,,,,,,,0,1379.92
214372,LL-020,RACER,LEN,LENTES,L,LUX,LUXURY,L,H,HOMBRE,PFA,FIESTA FASHION DRIVE,NL,NUEVO LEÓN,MX,MÉXICO,MEX,PRE,1,44544,2021,12-DIC,373.405,4835.77,,,,,0.25,753171,43843,30316,39,M,MUJER,WS,WEB SITE,ENTRE 31 Y 40,0.05,3385.039
149624,AL-030,IKARVS KEY RING,ACC,ACCESORIOS,A,LUX,LUXURY,L,U,UNISEX,SCT,SOUTH COAST,CA,CALIFORNIA,US,ESTADOS UNIDOS,USA,PRE,1,44137,2020,11-NOV,40.05,607.29,,,,,0,368003,43864,26776,48,M,MUJER,EMAIL,CORREO ELECTRÓNICO,ENTRE 41 Y 50,0,607.29
190828,AL-010,EYEGLASS & WATCH CASE,ACC,ACCESORIOS,A,LUX,LUXURY,L,U,UNISEX,MHT,MANHATTAN MALL,NY,NEW YORK,US,ESTADOS UNIDOS,USA,PRE,1,44437,2021,08-AGO,268.8125,1499.97,,,,,0,,,,,,,,,,0,1499.97
191310,AL-020,IKARVS XXI PEN,ACC,ACCESORIOS,A,LUX,LUXURY,L,H,HOMBRE,WDF,WOODFIELD,IL,ILLINOIS,US,ESTADOS UNIDOS,USA,PRE,1,44443,2021,09-SEP,73.3125,1379.92,,,,,0,396423,43892,20360,66,H,HOMBRE,OTRO,OTRO,MAYORES DE 50,0,1379.92
212732,LS-040,WILD ROSE SUNGLASS,LEN,LENTES,L,SPO,SPORT,S,M,MUJER,MHT,MANHATTAN MALL,NY,NEW YORK,US,ESTADOS UNIDOS,USA,PRE,1,44540,2021,12-DIC,307.9125,2123.63,XMAS2021,44531,44548,TODOS,0.25,,,,,,,,,,0.05,1486.541
170222,AL-020,IKARVS XXI PEN,ACC,ACCESORIOS,A,LUX,LUXURY,L,H,HOMBRE,PER,PERISUR COYOACÁN,CDMX,CIUDAD DE MÉXICO,MX,MÉXICO,MEX,PRE,1,44248,2021,02-FEB,66.4,1254.89,,,,,0,160979,43878,36544,21,H,HOMBRE,WS,WEB SITE,ENTRE 21 Y 30,0,1254.89
153222,AX-040,THE IKARVS CLOTCH BAG,ACC,ACCESORIOS,A,EXC,EXCLUSIVE,X,M,MUJER,MHT,MANHATTAN MALL,NY,NEW YORK,US,ESTADOS UNIDOS,USA,PRE,1,44152,2020,11-NOV,382.5,17783.96,,,,,0,626636,43873,36789,21,H,HOMBRE,WS,WEB SITE,ENTRE 21 Y 30,0,17783.96
199418,AL-020,IKARVS XXI PEN,ACC,ACCESORIOS,A,LUX,LUXURY,L,H,HOMBRE,MHT,MANHATTAN MALL,NY,NEW YORK,US,ESTADOS UNIDOS,USA,PRE,1,44505,2021,11-NOV,73.3125,1379.92,,,,,0,176152,43873,26632,49,M,MUJER,OTRO,OTRO,ENTRE 41 Y 50,0,1379.92
211856,AL-030,IKARVS KEY RING,ACC,ACCESORIOS,A,LUX,LUXURY,L,U,UNISEX,PAM,PABELLÓN M,NL,NUEVO LEÓN,MX,MÉXICO,MEX,EST,1,44538,2021,12-DIC,43.9875,653.37,,,,,0,,,,,,,,,,0,653.37
155140,WX-010,AIR MASTER PRO,REL,RELOJ,W,EXC,EXCLUSIVE,X,H,HOMBRE,SCT,SOUTH COAST,CA,CALIFORNIA,US,ESTADOS UNIDOS,USA,PRE,1,44160,2020,11-NOV,3102.8,26841.7,,,,,0,,,,,,,,,,0,26841.7
191254,LL-020,RACER,LEN,LENTES,L,LUX,LUXURY,L,H,HOMBRE,GLL,THE GALLERÍA,TX,TEXAS,US,ESTADOS UNIDOS,USA,PRE,1,44442,2021,09-SEP,373.405,4835.77,,,,,0,650739,43881,36785,21,M,MUJER,OTRO,OTRO,ENTRE 21 Y 30,0,4835.77
129588,AL-020,IKARVS XXI PEN,ACC,ACCESORIOS,A,LUX,LUXURY,L,H,HOMBRE,MHT,MANHATTAN MALL,NY,NEW YORK,US,ESTADOS UNIDOS,USA,PRE,1,43862,2020,02-FEB,63.75,1204.6944,,,,,0,,,,,,,,,,0,1204.6944
137668,WS-030,FRAMBOYAN X,REL,RELOJ,W,SPO,SPORT,S,H,HOMBRE,MHT,MANHATTAN MALL,NY,NEW YORK,US,ESTADOS UNIDOS,USA,PRE,2,43949,2020,04-ABR,552.5,5933.5385,,,,,0,,,,,,,,,,0,11867.077
182746,LS-030,SERIE T,LEN,LENTES,L,SPO,SPORT,S,U,UNISEX,QUE,QUEENS PLACE,NY,NEW YORK,US,ESTADOS UNIDOS,USA,PRE,1,44335,2021,05-MAY,220.4,1589.76,,,,,0,702747,43890,30150,39,H,HOMBRE,AMI,AMIGOS,ENTRE 31 Y 40,0,1589.76
184022,AL-030,IKARVS KEY RING,ACC,ACCESORIOS,A,LUX,LUXURY,L,U,UNISEX,SCT,SOUTH COAST,CA,CALIFORNIA,US,ESTADOS UNIDOS,USA,PRE,2,44342,2021,05-MAY,40.05,607.29,,,,,0,579576,43885,27028,48,H,HOMBRE,FBIG,FACEBOOK/INSTAGRAM,ENTRE 41 Y 50,0,1214.58
186546,AL-030,IKARVS KEY RING,ACC,ACCESORIOS,A,LUX,LUXURY,L,U,UNISEX,SCT,SOUTH COAST,CA,CALIFORNIA,US,ESTADOS UNIDOS,USA,PRE,1,44365,2021,06-JUN,43.9875,653.37,,,,,0,,,,,,,,,,0,653.37
172620,AL-020,IKARVS XXI PEN,ACC,ACCESORIOS,A,LUX,LUXURY,L,H,HOMBRE,PER,PERISUR COYOACÁN,CDMX,CIUDAD DE MÉXICO,MX,MÉXICO,MEX,PRE,1,44265,2021,03-MAR,66.4,1254.89,,,,,0,,,,,,,,,,0,1254.89
215882,LL-020,RACER,LEN,LENTES,L,LUX,LUXURY,L,H,HOMBRE,MAG,CENTRO MAGNO,JAL,JALISCO,MX,MÉXICO,MEX,PRE,1,44547,2021,12-DIC,373.405,4835.77,,,,,0.25,107729,43841,36209,22,H,HOMBRE,OTRO,OTRO,ENTRE 21 Y 30,0.05,3385.039
196816,LL-020,RACER,LEN,LENTES,L,LUX,LUXURY,L,H,HOMBRE,WDF,WOODFIELD,IL,ILLINOIS,US,ESTADOS UNIDOS,USA,PRE,1,44490,2021,10-OCT,373.405,4835.77,,,,,0,784387,43856,33667,29,M,MUJER,EMAIL,CORREO ELECTRÓNICO,ENTRE 21 Y 30,0,4835.77
135028,LL-020,RACER,LEN,LENTES,L,LUX,LUXURY,L,H,HOMBRE,SCT,SOUTH COAST,CA,CALIFORNIA,US,ESTADOS UNIDOS,USA,PRE,1,43906,2020,03-MAR,324.7,4179.8575,,,,,0,,,,,,,,,,0,4179.8575
152210,AL-020,IKARVS XXI PEN,ACC,ACCESORIOS,A,LUX,LUXURY,L,H,HOMBRE,WDF,WOODFIELD,IL,ILLINOIS,US,ESTADOS UNIDOS,USA,PRE,1,44148,2020,11-NOV,66.4,1254.89,,,,,0,368320,43883,31559,35,H,HOMBRE,OTRO,OTRO,ENTRE 31 Y 40,0,1254.89
166260,LL-020,RACER,LEN,LENTES,L,LUX,LUXURY,L,H,HOMBRE,QUE,QUEENS PLACE,NY,NEW YORK,US,ESTADOS UNIDOS,USA,PRE,1,44229,2021,02-FEB,324.7,4399.85,,,,,0,,,,,,,,,,0,4399.85
211290,LL-020,RACER,LEN,LENTES,L,LUX,LUXURY,L,H,HOMBRE,PAM,PABELLÓN M,NL,NUEVO LEÓN,MX,MÉXICO,MEX,EST,1,44537,2021,12-DIC,373.405,4835.77,,,,,0.25,,,,,,,,,,0.05,3385.039
211130,LS-030,SERIE T,LEN,LENTES,L,SPO,SPORT,S,U,UNISEX,SCT,SOUTH COAST,CA,CALIFORNIA,US,ESTADOS UNIDOS,USA,PRE,1,44537,2021,12-DIC,215.05,1800.55,XMAS2021,44531,44548,TODOS,0.25,147880,43887,32184,33,H,HOMBRE,WS,WEB SITE,ENTRE 31 Y 40,0.05,1260.385
202640,AL-010,EYEGLASS & WATCH CASE,ACC,ACCESORIOS,A,LUX,LUXURY,L,U,UNISEX,SCT,SOUTH COAST,CA,CALIFORNIA,US,ESTADOS UNIDOS,USA,PRE,1,44514,2021,11-NOV,268.8125,1499.97,,,,,0,,,,,,,,,,0,1499.97
147272,AL-020,IKARVS XXI PEN,ACC,ACCESORIOS,A,LUX,LUXURY,L,H,HOMBRE,MHT,MANHATTAN MALL,NY,NEW YORK,US,ESTADOS UNIDOS,USA,PRE,1,44106,2020,10-OCT,66.4,1254.89,,,,,0,,,,,,,,,,0,1254.89
180838,AL-030,IKARVS KEY RING,ACC,ACCESORIOS,A,LUX,LUXURY,L,U,UNISEX,QUE,QUEENS PLACE,NY,NEW YORK,US,ESTADOS UNIDOS,USA,PRE,1,44324,2021,05-MAY,40.05,607.29,,,,,0,,,,,,,,,,0,607.29
180906,AX-040,THE IKARVS CLOTCH BAG,ACC,ACCESORIOS,A,EXC,EXCLUSIVE,X,M,MUJER,SCT,SOUTH COAST,CA,CALIFORNIA,US,ESTADOS UNIDOS,USA,PRE,1,44325,2021,05-MAY,382.5,17783.96,MOM2021,44287,44306,TODOS,0.25,317531,43837,31485,35,M,MUJER,OTRO,OTRO,ENTRE 31 Y 40,0.05,12448.772
158526,AL-010,EYEGLASS & WATCH CASE,ACC,ACCESORIOS,A,LUX,LUXURY,L,U,UNISEX,MHT,MANHATTAN MALL,NY,NEW YORK,US,ESTADOS UNIDOS,USA,PRE,1,44174,2020,12-DIC,233.75,1499.97,,,,,0.3,,,,,,,,,,0.05,974.9805
143558,AL-030,IKARVS KEY RING,ACC,ACCESORIOS,A,LUX,LUXURY,L,U,UNISEX,WDF,WOODFIELD,IL,ILLINOIS,US,ESTADOS UNIDOS,USA,PRE,1,44046,2020,08-AGO,40.05,607.29,,,,,0,,,,,,,,,,0,607.29
172706,AL-010,EYEGLASS & WATCH CASE,ACC,ACCESORIOS,A,LUX,LUXURY,L,U,UNISEX,MHT,MANHATTAN MALL,NY,NEW YORK,US,ESTADOS UNIDOS,USA,PRE,1,44266,2021,03-MAR,233.75,1499.97,,,,,0,,,,,,,,,,0,1499.97
141764,AL-030,IKARVS KEY RING,ACC,ACCESORIOS,A,LUX,LUXURY,L,U,UNISEX,MHT,MANHATTAN MALL,NY,NEW YORK,US,ESTADOS UNIDOS,USA,PRE,2,44008,2020,06-JUN,40.05,607.29,,,,,0,590041,43887,34850,26,M,MUJER,OTRO,OTRO,ENTRE 21 Y 30,0,1214.58
144292,AL-010,EYEGLASS & WATCH CASE,ACC,ACCESORIOS,A,LUX,LUXURY,L,U,UNISEX,WDF,WOODFIELD,IL,ILLINOIS,US,ESTADOS UNIDOS,USA,PRE,2,44061,2020,08-AGO,233.75,1499.97,,,,,0,204505,43863,17438,74,M,MUJER,OTRO,OTRO,MAYORES DE 50,0,2999.94
185846,AL-030,IKARVS KEY RING,ACC,ACCESORIOS,A,LUX,LUXURY,L,U,UNISEX,PER,PERISUR COYOACÁN,CDMX,CIUDAD DE MÉXICO,MX,MÉXICO,MEX,PRE,1,44357,2021,06-JUN,43.9875,653.37,,,,,0,103957,43879,23590,57,H,HOMBRE,WS,WEB SITE,MAYORES DE 50,0,653.37
197982,AL-020,IKARVS XXI PEN,ACC,ACCESORIOS,A,LUX,LUXURY,L,H,HOMBRE,MHT,MANHATTAN MALL,NY,NEW YORK,US,ESTADOS UNIDOS,USA,PRE,1,44500,2021,10-OCT,73.3125,1379.92,,,,,0,,,,,,,,,,0,1379.92
160284,AL-030,IKARVS KEY RING,ACC,ACCESORIOS,A,LUX,LUXURY,L,U,UNISEX,QUE,QUEENS PLACE,NY,NEW YORK,US,ESTADOS UNIDOS,USA,PRE,1,44182,2020,12-DIC,40.05,607.29,,,,,0.3,517148,43876,25276,52,H,HOMBRE,OTRO,OTRO,MAYORES DE 50,0.05,394.7385
175872,AL-030,IKARVS KEY RING,ACC,ACCESORIOS,A,LUX,LUXURY,L,U,UNISEX,QUE,QUEENS PLACE,NY,NEW YORK,US,ESTADOS UNIDOS,USA,PRE,1,44294,2021,04-ABR,40.05,607.29,,,,,0,799149,43845,36359,22,H,HOMBRE,OTRO,OTRO,ENTRE 21 Y 30,0,607.29
132680,AL-020,IKARVS XXI PEN,ACC,ACCESORIOS,A,LUX,LUXURY,L,H,HOMBRE,QUE,QUEENS PLACE,NY,NEW YORK,US,ESTADOS UNIDOS,USA,PRE,1,43881,2020,02-FEB,63.75,1204.6944,,,,,0,308039,43846,35383,25,H,HOMBRE,OTRO,OTRO,ENTRE 21 Y 30,0,1204.6944
166644,WX-010,AIR MASTER PRO,REL,RELOJ,W,EXC,EXCLUSIVE,X,H,HOMBRE,PFA,FIESTA FASHION DRIVE,NL,NUEVO LEÓN,MX,MÉXICO,MEX,PRE,1,44231,2021,02-FEB,3102.8,26841.7,,,,,0,,,,,,,,,,0,26841.7
193648,AL-030,IKARVS KEY RING,ACC,ACCESORIOS,A,LUX,LUXURY,L,U,UNISEX,QUE,QUEENS PLACE,NY,NEW YORK,US,ESTADOS UNIDOS,USA,PRE,1,44463,2021,09-SEP,43.9875,653.37,,,,,0,321443,43873,18094,72,H,HOMBRE,FBIG,FACEBOOK/INSTAGRAM,MAYORES DE 50,0,653.37
187274,LL-010,TREVORY,LEN,LENTES,L,LUX,LUXURY,L,H,HOMBRE,WDF,WOODFIELD,IL,ILLINOIS,US,ESTADOS UNIDOS,USA,PRE,1,44375,2021,06-JUN,239.4875,4175.88,,,,,0,652133,43862,31316,36,H,HOMBRE,FBIG,FACEBOOK/INSTAGRAM,ENTRE 31 Y 40,0,4175.88
140220,WX-010,AIR MASTER PRO,REL,RELOJ,W,EXC,EXCLUSIVE,X,H,HOMBRE,SCT,SOUTH COAST,CA,CALIFORNIA,US,ESTADOS UNIDOS,USA,PRE,1,43978,2020,05-MAY,2932.5,26036.449,,,,,0,420928,43853,30035,39,H,HOMBRE,OTRO,OTRO,ENTRE 31 Y 40,0,26036.449
169170,AL-010,EYEGLASS & WATCH CASE,ACC,ACCESORIOS,A,LUX,LUXURY,L,U,UNISEX,MHT,MANHATTAN MALL,NY,NEW YORK,US,ESTADOS UNIDOS,USA,PRE,1,44243,2021,02-FEB,233.75,1499.97,,,,,0,,,,,,,,,,0,1499.97
157296,AL-010,EYEGLASS & WATCH CASE,ACC,ACCESORIOS,A,LUX,LUXURY,L,U,UNISEX,WDF,WOODFIELD,IL,ILLINOIS,US,ESTADOS UNIDOS,USA,PRE,1,44169,2020,12-DIC,233.75,1499.97,,,,,0.3,,,,,,,,,,0.05,974.9805
154314,AL-020,IKARVS XXI PEN,ACC,ACCESORIOS,A,LUX,LUXURY,L,H,HOMBRE,SCT,SOUTH COAST,CA,CALIFORNIA,US,ESTADOS UNIDOS,USA,PRE,1,44157,2020,11-NOV,66.4,1254.89,,,,,0,546430,43877,23525,57,M,MUJER,WS,WEB SITE,MAYORES DE 50,0,1254.89
159930,AL-020,IKARVS XXI PEN,ACC,ACCESORIOS,A,LUX,LUXURY,L,H,HOMBRE,GLL,THE GALLERÍA,TX,TEXAS,US,ESTADOS UNIDOS,USA,PRE,1,44180,2020,12-DIC,66.4,1254.89,,,,,0.3,430499,43873,34670,27,H,HOMBRE,OTRO,OTRO,ENTRE 21 Y 30,0.05,815.6785
194000,AL-010,EYEGLASS & WATCH CASE,ACC,ACCESORIOS,A,LUX,LUXURY,L,U,UNISEX,MHT,MANHATTAN MALL,NY,NEW YORK,US,ESTADOS UNIDOS,USA,PRE,1,44466,2021,09-SEP,268.8125,1499.97,,,,,0,352311,43842,29580,41,H,HOMBRE,WS,WEB SITE,ENTRE 41 Y 50,0,1499.97
157744,AL-010,EYEGLASS & WATCH CASE,ACC,ACCESORIOS,A,LUX,LUXURY,L,U,UNISEX,PER,PERISUR COYOACÁN,CDMX,CIUDAD DE MÉXICO,MX,MÉXICO,MEX,PRE,1,44171,2020,12-DIC,233.75,1499.97,,,,,0.3,113193,43893,37064,20,M,MUJER,REV,REVISTA,MENORES DE 21,0.05,974.9805
220002,LL-020,RACER,LEN,LENTES,L,LUX,LUXURY,L,H,HOMBRE,PFA,FIESTA FASHION DRIVE,NL,NUEVO LEÓN,MX,MÉXICO,MEX,PRE,1,44556,2021,12-DIC,373.405,4835.77,,,,,0,472826,43884,35416,25,H,HOMBRE,OTRO,OTRO,ENTRE 21 Y 30,0,4835.77
148436,AL-030,IKARVS KEY RING,ACC,ACCESORIOS,A,LUX,LUXURY,L,U,UNISEX,QUE,QUEENS PLACE,NY,NEW YORK,US,ESTADOS UNIDOS,USA,PRE,1,44123,2020,10-OCT,40.05,607.29,,,,,0,615510,43887,35123,25,H,HOMBRE,OTRO,OTRO,ENTRE 21 Y 30,0,607.29
199790,AL-030,IKARVS KEY RING,ACC,ACCESORIOS,A,LUX,LUXURY,L,U,UNISEX,MHT,MANHATTAN MALL,NY,NEW YORK,US,ESTADOS UNIDOS,USA,PRE,1,44506,2021,11-NOV,43.9875,653.37,,,,,0,792467,43879,32151,33,M,MUJER,OTRO,OTRO,ENTRE 31 Y 40,0,653.37
182818,AL-010,EYEGLASS & WATCH CASE,ACC,ACCESORIOS,A,LUX,LUXURY,L,U,UNISEX,PAM,PABELLÓN M,NL,NUEVO LEÓN,MX,MÉXICO,MEX,EST,1,44335,2021,05-MAY,233.75,1499.97,,,,,0,,,,,,,,,,0,1499.97
218046,AX-040,THE IKARVS CLOTCH BAG,ACC,ACCESORIOS,A,EXC,EXCLUSIVE,X,M,MUJER,WDF,WOODFIELD,IL,ILLINOIS,US,ESTADOS UNIDOS,USA,PRE,1,44552,2021,12-DIC,439.875,17783.96,,,,,0,207572,43886,26164,50,H,HOMBRE,WS,WEB SITE,ENTRE 41 Y 50,0,17783.96
135876,LL-020,RACER,LEN,LENTES,L,LUX,LUXURY,L,H,HOMBRE,QUE,QUEENS PLACE,NY,NEW YORK,US,ESTADOS UNIDOS,USA,PRE,3,43922,2020,04-ABR,324.7,4179.8575,,,,,0,,,,,,,,,,0,12539.5725
163474,LL-020,RACER,LEN,LENTES,L,LUX,LUXURY,L,H,HOMBRE,WDF,WOODFIELD,IL,ILLINOIS,US,ESTADOS UNIDOS,USA,PRE,1,44194,2020,12-DIC,324.7,4399.85,,,,,0,593015,43880,34785,26,H,HOMBRE,OTRO,OTRO,ENTRE 21 Y 30,0,4399.85
188292,LL-020,RACER,LEN,LENTES,L,LUX,LUXURY,L,H,HOMBRE,PFA,FIESTA FASHION DRIVE,NL,NUEVO LEÓN,MX,MÉXICO,MEX,PRE,1,44393,2021,07-JUL,373.405,4835.77,,,,,0,237619,43840,27931,45,H,HOMBRE,OTRO,OTRO,ENTRE 41 Y 50,0,4835.77
210482,AL-020,IKARVS XXI PEN,ACC,ACCESORIOS,A,LUX,LUXURY,L,H,HOMBRE,GLL,THE GALLERÍA,TX,TEXAS,US,ESTADOS UNIDOS,USA,PRE,2,44535,2021,12-DIC,73.3125,1379.92,,,,,0,,,,,,,,,,0,2759.84
202362,LS-030,SERIE T,LEN,LENTES,L,SPO,SPORT,S,U,UNISEX,PFA,FIESTA FASHION DRIVE,NL,NUEVO LEÓN,MX,MÉXICO,MEX,PRE,1,44513,2021,11-NOV,215.05,1800.55,,,,,0,,,,,,,,,,0,1800.55
204482,LL-020,RACER,LEN,LENTES,L,LUX,LUXURY,L,H,HOMBRE,WDF,WOODFIELD,IL,ILLINOIS,US,ESTADOS UNIDOS,USA,PRE,1,44520,2021,11-NOV,373.405,4835.77,,,,,0,533834,43869,32169,33,M,MUJER,FBIG,FACEBOOK/INSTAGRAM,ENTRE 31 Y 40,0,4835.77
179272,AL-030,IKARVS KEY RING,ACC,ACCESORIOS,A,LUX,LUXURY,L,U,UNISEX,MHT,MANHATTAN MALL,NY,NEW YORK,US,ESTADOS UNIDOS,USA,PRE,1,44316,2021,04-ABR,40.05,607.29,,,,,0,129079,43872,34166,28,H,HOMBRE,OTRO,OTRO,ENTRE 21 Y 30,0,607.29
180990,AL-020,IKARVS XXI PEN,ACC,ACCESORIOS,A,LUX,LUXURY,L,H,HOMBRE,TLA,PLAZA TLAQUEPAQUE,JAL,JALISCO,MX,MÉXICO,MEX,EST,1,44325,2021,05-MAY,66.4,1254.89,,,,,0,,,,,,,,,,0,1254.89
141140,AL-010,EYEGLASS & WATCH CASE,ACC,ACCESORIOS,A,LUX,LUXURY,L,U,UNISEX,WDF,WOODFIELD,IL,ILLINOIS,US,ESTADOS UNIDOS,USA,PRE,1,43993,2020,06-JUN,233.75,1499.97,,,,,0,106404,43896,33707,29,M,MUJER,FBIG,FACEBOOK/INSTAGRAM,ENTRE 21 Y 30,0,1499.97
222066,AL-020,IKARVS XXI PEN,ACC,ACCESORIOS,A,LUX,LUXURY,L,H,HOMBRE,SCT,SOUTH COAST,CA,CALIFORNIA,US,ESTADOS UNIDOS,USA,PRE,1,44561,2021,12-DIC,73.3125,1379.92,,,,,0,197599,43869,27368,47,M,MUJER,OTRO,OTRO,ENTRE 41 Y 50,0,1379.92
177652,AX-040,THE IKARVS CLOTCH BAG,ACC,ACCESORIOS,A,EXC,EXCLUSIVE,X,M,MUJER,MHT,MANHATTAN MALL,NY,NEW YORK,US,ESTADOS UNIDOS,USA,PRE,1,44306,2021,04-ABR,382.5,17783.96,MOM2021,44287,44306,TODOS,0.25,320173,43835,31385,36,M,MUJER,AMI,AMIGOS,ENTRE 31 Y 40,0.05,12448.772
216534,AL-030,IKARVS KEY RING,ACC,ACCESORIOS,A,LUX,LUXURY,L,U,UNISEX,QUE,QUEENS PLACE,NY,NEW YORK,US,ESTADOS UNIDOS,USA,PRE,1,44548,2021,12-DIC,43.9875,653.37,,,,,0,,,,,,,,,,0,653.37
199952,LS-030,SERIE T,LEN,LENTES,L,SPO,SPORT,S,U,UNISEX,WDF,WOODFIELD,IL,ILLINOIS,US,ESTADOS UNIDOS,USA,PRE,1,44506,2021,11-NOV,215.05,1800.55,,,,,0,,,,,,,,,,0,1800.55
170992,AL-030,IKARVS KEY RING,ACC,ACCESORIOS,A,LUX,LUXURY,L,U,UNISEX,MHT,MANHATTAN MALL,NY,NEW YORK,US,ESTADOS UNIDOS,USA,PRE,1,44252,2021,02-FEB,40.05,607.29,,,,,0,616049,43880,29399,41,H,HOMBRE,OTRO,OTRO,ENTRE 41 Y 50,0,607.29
177298,LL-010,TREVORY,LEN,LENTES,L,LUX,LUXURY,L,H,HOMBRE,WDF,WOODFIELD,IL,ILLINOIS,US,ESTADOS UNIDOS,USA,PRE,1,44304,2021,04-ABR,208.25,3924.5,BDAY,,,,0.5,712967,43836,29694,40,H,HOMBRE,OTRO,OTRO,ENTRE 31 Y 40,0,1962.25
166190,WX-010,AIR MASTER PRO,REL,RELOJ,W,EXC,EXCLUSIVE,X,H,HOMBRE,WDF,WOODFIELD,IL,ILLINOIS,US,ESTADOS UNIDOS,USA,PRE,1,44229,2021,02-FEB,3102.8,26841.7,,,,,0,333385,43870,35761,24,H,HOMBRE,EMAIL,CORREO ELECTRÓNICO,ENTRE 21 Y 30,0,26841.7
189202,WS-030,FRAMBOYAN X,REL,RELOJ,W,SPO,SPORT,S,H,HOMBRE,SCT,SOUTH COAST,CA,CALIFORNIA,US,ESTADOS UNIDOS,USA,PRE,1,44408,2021,07-JUL,635.375,6439.72,,,,,0,630779,43840,32252,33,M,MUJER,FBIG,FACEBOOK/INSTAGRAM,ENTRE 31 Y 40,0,6439.72
158726,AL-020,IKARVS XXI PEN,ACC,ACCESORIOS,A,LUX,LUXURY,L,H,HOMBRE,PFA,FIESTA FASHION DRIVE,NL,NUEVO LEÓN,MX,MÉXICO,MEX,PRE,1,44175,2020,12-DIC,66.4,1254.89,,,,,0.3,,,,,,,,,,0.05,815.6785
191752,LS-040,WILD ROSE SUNGLASS,LEN,LENTES,L,SPO,SPORT,S,M,MUJER,WDF,WOODFIELD,IL,ILLINOIS,US,ESTADOS UNIDOS,USA,PRE,1,44446,2021,09-SEP,307.9125,2123.63,,,,,0,,,,,,,,,,0,2123.63
134366,AL-030,IKARVS KEY RING,ACC,ACCESORIOS,A,LUX,LUXURY,L,U,UNISEX,GLL,THE GALLERÍA,TX,TEXAS,US,ESTADOS UNIDOS,USA,PRE,1,43892,2020,03-MAR,38.25,570.8526,,,,,0,,,,,,,,,,0,570.8526
135236,LS-030,SERIE T,LEN,LENTES,L,SPO,SPORT,S,U,UNISEX,WDF,WOODFIELD,IL,ILLINOIS,US,ESTADOS UNIDOS,USA,PRE,1,43910,2020,03-MAR,187,1589.76,,,,,0,596965,43901,33833,29,H,HOMBRE,OTRO,OTRO,ENTRE 21 Y 30,0,1589.76
139006,LL-020,RACER,LEN,LENTES,L,LUX,LUXURY,L,H,HOMBRE,PFA,FIESTA FASHION DRIVE,NL,NUEVO LEÓN,MX,MÉXICO,MEX,PRE,1,43965,2020,05-MAY,324.7,4179.8575,,,,,0,698405,43836,35458,24,M,MUJER,FBIG,FACEBOOK/INSTAGRAM,ENTRE 21 Y 30,0,4179.8575
157390,AL-010,EYEGLASS & WATCH CASE,ACC,ACCESORIOS,A,LUX,LUXURY,L,U,UNISEX,TLA,PLAZA TLAQUEPAQUE,JAL,JALISCO,MX,MÉXICO,MEX,EST,1,44170,2020,12-DIC,233.75,1499.97,,,,,0.3,238135,43836,32308,33,M,MUJER,FBIG,FACEBOOK/INSTAGRAM,ENTRE 31 Y 40,0.05,974.9805
191342,AL-030,IKARVS KEY RING,ACC,ACCESORIOS,A,LUX,LUXURY,L,U,UNISEX,PER,PERISUR COYOACÁN,CDMX,CIUDAD DE MÉXICO,MX,MÉXICO,MEX,PRE,1,44443,2021,09-SEP,43.9875,653.37,,,,,0,141703,43846,29063,42,H,HOMBRE,OTRO,OTRO,ENTRE 41 Y 50,0,653.37
174990,LS-040,WILD ROSE SUNGLASS,LEN,LENTES,L,SPO,SPORT,S,M,MUJER,GLL,THE GALLERÍA,TX,TEXAS,US,ESTADOS UNIDOS,USA,PRE,1,44289,2021,04-ABR,301.55,1910.7,,,,,0,592098,43836,28554,43,M,MUJER,OTRO,OTRO,ENTRE 41 Y 50,0,1910.7
176804,WS-030,FRAMBOYAN X,REL,RELOJ,W,SPO,SPORT,S,H,HOMBRE,WDF,WOODFIELD,IL,ILLINOIS,US,ESTADOS UNIDOS,USA,PRE,1,44300,2021,04-ABR,552.5,5933.5385,,,,,0,,,,,,,,,,0,5933.5385
161776,LS-030,SERIE T,LEN,LENTES,L,SPO,SPORT,S,U,UNISEX,PAM,PABELLÓN M,NL,NUEVO LEÓN,MX,MÉXICO,MEX,EST,1,44187,2020,12-DIC,220.4,1589.76,,,,,0,,,,,,,,,,0,1589.76
199652,AL-030,IKARVS KEY RING,ACC,ACCESORIOS,A,LUX,LUXURY,L,U,UNISEX,PAM,PABELLÓN M,NL,NUEVO LEÓN,MX,MÉXICO,MEX,EST,1,44505,2021,11-NOV,43.9875,653.37,,,,,0,,,,,,,,,,0,653.37
132230,AL-020,IKARVS XXI PEN,ACC,ACCESORIOS,A,LUX,LUXURY,L,H,HOMBRE,MHT,MANHATTAN MALL,NY,NEW YORK,US,ESTADOS UNIDOS,USA,PRE,1,43878,2020,02-FEB,63.75,1204.6944,,,,,0,,,,,,,,,,0,1204.6944
160368,AL-030,IKARVS KEY RING,ACC,ACCESORIOS,A,LUX,LUXURY,L,U,UNISEX,WDF,WOODFIELD,IL,ILLINOIS,US,ESTADOS UNIDOS,USA,PRE,1,44182,2020,12-DIC,40.05,607.29,,,,,0.3,144989,43885,30604,38,M,MUJER,OTRO,OTRO,ENTRE 31 Y 40,0.05,394.7385
132812,AL-030,IKARVS KEY RING,ACC,ACCESORIOS,A,LUX,LUXURY,L,U,UNISEX,MHT,MANHATTAN MALL,NY,NEW YORK,US,ESTADOS UNIDOS,USA,PRE,1,43882,2020,02-FEB,38.25,570.8526,,,,,0,,,,,,,,,,0,570.8526
217744,LL-020,RACER,LEN,LENTES,L,LUX,LUXURY,L,H,HOMBRE,TEZ,PLAZA TEZONTLE,CDMX,CIUDAD DE MÉXICO,MX,MÉXICO,MEX,EST,1,44551,2021,12-DIC,373.405,4835.77,,,,,0.25,675598,43891,37169,20,M,MUJER,OTRO,OTRO,MENORES DE 21,0.05,3385.039
202860,LL-010,TREVORY,LEN,LENTES,L,LUX,LUXURY,L,H,HOMBRE,WDF,WOODFIELD,IL,ILLINOIS,US,ESTADOS UNIDOS,USA,PRE,1,44515,2021,11-NOV,239.4875,4175.88,,,,,0,366263,43849,35318,25,H,HOMBRE,OTRO,OTRO,ENTRE 21 Y 30,0,4175.88
208608,AL-030,IKARVS KEY RING,ACC,ACCESORIOS,A,LUX,LUXURY,L,U,UNISEX,WDF,WOODFIELD,IL,ILLINOIS,US,ESTADOS UNIDOS,USA,PRE,1,44531,2021,12-DIC,43.9875,653.37,,,,,0,,,,,,,,,,0,653.37
176970,AL-020,IKARVS XXI PEN,ACC,ACCESORIOS,A,LUX,LUXURY,L,H,HOMBRE,PER,PERISUR COYOACÁN,CDMX,CIUDAD DE MÉXICO,MX,MÉXICO,MEX,PRE,1,44301,2021,04-ABR,66.4,1254.89,,,,,0,,,,,,,,,,0,1254.89
210300,AL-020,IKARVS XXI PEN,ACC,ACCESORIOS,A,LUX,LUXURY,L,H,HOMBRE,PER,PERISUR COYOACÁN,CDMX,CIUDAD DE MÉXICO,MX,MÉXICO,MEX,PRE,1,44535,2021,12-DIC,73.3125,1379.92,,,,,0,533237,43893,30322,38,H,HOMBRE,OTRO,OTRO,ENTRE 31 Y 40,0,1379.92
172840,AL-030,IKARVS KEY RING,ACC,ACCESORIOS,A,LUX,LUXURY,L,U,UNISEX,QUE,QUEENS PLACE,NY,NEW YORK,US,ESTADOS UNIDOS,USA,PRE,1,44268,2021,03-MAR,40.05,607.29,,,,,0,403897,43839,32739,32,H,HOMBRE,OTRO,OTRO,ENTRE 31 Y 40,0,607.29
188824,AL-010,EYEGLASS & WATCH CASE,ACC,ACCESORIOS,A,LUX,LUXURY,L,U,UNISEX,MAG,CENTRO MAGNO,JAL,JALISCO,MX,MÉXICO,MEX,PRE,1,44401,2021,07-JUL,268.8125,1499.97,,,,,0,,,,,,,,,,0,1499.97
185484,AL-020,IKARVS XXI PEN,ACC,ACCESORIOS,A,LUX,LUXURY,L,H,HOMBRE,GAL,GALERÍAS GUADALAJARA,JAL,JALISCO,MX,MÉXICO,MEX,EST,1,44380,2021,07-JUL,73.3125,1379.92,,,,,0.5,560961,43892,27213,47,H,HOMBRE,OTRO,OTRO,ENTRE 41 Y 50,0,689.96
132578,LS-030,SERIE T,LEN,LENTES,L,SPO,SPORT,S,U,UNISEX,WDF,WOODFIELD,IL,ILLINOIS,US,ESTADOS UNIDOS,USA,PRE,1,43880,2020,02-FEB,187,1589.76,,,,,0,,,,,,,,,,0,1589.76
140668,WX-010,AIR MASTER PRO,REL,RELOJ,W,EXC,EXCLUSIVE,X,H,HOMBRE,MHT,MANHATTAN MALL,NY,NEW YORK,US,ESTADOS UNIDOS,USA,PRE,1,43983,2020,06-JUN,3102.8,26841.7,,,,,0,338490,43878,15760,78,H,HOMBRE,EMAIL,CORREO ELECTRÓNICO,MAYORES DE 50,0,26841.7
200840,AL-010,EYEGLASS & WATCH CASE,ACC,ACCESORIOS,A,LUX,LUXURY,L,U,UNISEX,WDF,WOODFIELD,IL,ILLINOIS,US,ESTADOS UNIDOS,USA,PRE,1,44509,2021,11-NOV,268.8125,1499.97,,,,,0,599690,43879,34575,27,H,HOMBRE,OTRO,OTRO,ENTRE 21 Y 30,0,1499.97
221326,AL-020,IKARVS XXI PEN,ACC,ACCESORIOS,A,LUX,LUXURY,L,H,HOMBRE,PER,PERISUR COYOACÁN,CDMX,CIUDAD DE MÉXICO,MX,MÉXICO,MEX,PRE,1,44559,2021,12-DIC,73.3125,1379.92,,,,,0,531827,43908,34555,27,H,HOMBRE,OTRO,OTRO,ENTRE 21 Y 30,0,1379.92
215594,AL-010,EYEGLASS & WATCH CASE,ACC,ACCESORIOS,A,LUX,LUXURY,L,U,UNISEX,WDF,WOODFIELD,IL,ILLINOIS,US,ESTADOS UNIDOS,USA,PRE,1,44546,2021,12-DIC,268.8125,1499.97,,,,,0,,,,,,,,,,0,1499.97
204790,AL-030,IKARVS KEY RING,ACC,ACCESORIOS,A,LUX,LUXURY,L,U,UNISEX,MHT,MANHATTAN MALL,NY,NEW YORK,US,ESTADOS UNIDOS,USA,PRE,1,44521,2021,11-NOV,43.9875,653.37,,,,,0,242462,43884,29707,40,H,HOMBRE,OTRO,OTRO,ENTRE 31 Y 40,0,653.37
140454,AX-040,THE IKARVS CLOTCH BAG,ACC,ACCESORIOS,A,EXC,EXCLUSIVE,X,M,MUJER,WDF,WOODFIELD,IL,ILLINOIS,US,ESTADOS UNIDOS,USA,PRE,1,43980,2020,05-MAY,382.5,15705.9456,,,,,0,,,,,,,,,,0,15705.9456
214086,AL-010,EYEGLASS & WATCH CASE,ACC,ACCESORIOS,A,LUX,LUXURY,L,U,UNISEX,GLL,THE GALLERÍA,TX,TEXAS,US,ESTADOS UNIDOS,USA,PRE,1,44543,2021,12-DIC,268.8125,1499.97,,,,,0,,,,,,,,,,0,1499.97
197988,LS-040,WILD ROSE SUNGLASS,LEN,LENTES,L,SPO,SPORT,S,M,MUJER,MHT,MANHATTAN MALL,NY,NEW YORK,US,ESTADOS UNIDOS,USA,PRE,1,44500,2021,10-OCT,307.9125,2123.63,,,,,0,,,,,,,,,,0,2123.63
179724,LL-020,RACER,LEN,LENTES,L,LUX,LUXURY,L,H,HOMBRE,MHT,MANHATTAN MALL,NY,NEW YORK,US,ESTADOS UNIDOS,USA,PRE,1,44319,2021,05-MAY,324.7,4399.85,,,,,0,764868,43837,20636,65,H,HOMBRE,OTRO,OTRO,MAYORES DE 50,0,4399.85
145456,AL-010,EYEGLASS & WATCH CASE,ACC,ACCESORIOS,A,LUX,LUXURY,L,U,UNISEX,WDF,WOODFIELD,IL,ILLINOIS,US,ESTADOS UNIDOS,USA,PRE,1,44081,2020,09-SEP,233.75,1499.97,,,,,0,259181,43889,27874,45,M,MUJER,PER,PERIODICO,ENTRE 41 Y 50,0,1499.97
129794,AX-040,THE IKARVS CLOTCH BAG,ACC,ACCESORIOS,A,EXC,EXCLUSIVE,X,M,MUJER,PER,PERISUR COYOACÁN,CDMX,CIUDAD DE MÉXICO,MX,MÉXICO,MEX,PRE,1,43863,2020,02-FEB,382.5,15705.9456,,,,,0,,,,,,,,,,0,15705.9456
137710,AL-020,IKARVS XXI PEN,ACC,ACCESORIOS,A,LUX,LUXURY,L,H,HOMBRE,PER,PERISUR COYOACÁN,CDMX,CIUDAD DE MÉXICO,MX,MÉXICO,MEX,PRE,1,43950,2020,04-ABR,63.75,1204.6944,,,,,0,715855,43900,36436,22,H,HOMBRE,AMI,AMIGOS,ENTRE 21 Y 30,0,1204.6944
196534,AL-020,IKARVS XXI PEN,ACC,ACCESORIOS,A,LUX,LUXURY,L,H,HOMBRE,WDF,WOODFIELD,IL,ILLINOIS,US,ESTADOS UNIDOS,USA,PRE,2,44488,2021,10-OCT,73.3125,1379.92,,,,,0,797178,43884,33113,31,H,HOMBRE,OTRO,OTRO,ENTRE 31 Y 40,0,2759.84
137982,AL-030,IKARVS KEY RING,ACC,ACCESORIOS,A,LUX,LUXURY,L,U,UNISEX,MHT,MANHATTAN MALL,NY,NEW YORK,US,ESTADOS UNIDOS,USA,PRE,1,43954,2020,05-MAY,38.25,570.8526,,,,,0,526208,43848,27885,45,H,HOMBRE,WS,WEB SITE,ENTRE 41 Y 50,0,570.8526
166768,LL-020,RACER,LEN,LENTES,L,LUX,LUXURY,L,H,HOMBRE,MHT,MANHATTAN MALL,NY,NEW YORK,US,ESTADOS UNIDOS,USA,PRE,1,44232,2021,02-FEB,324.7,4399.85,,,,,0,142028,43844,31477,35,H,HOMBRE,OTRO,OTRO,ENTRE 31 Y 40,0,4399.85
165682,LL-020,RACER,LEN,LENTES,L,LUX,LUXURY,L,H,HOMBRE,MHT,MANHATTAN MALL,NY,NEW YORK,US,ESTADOS UNIDOS,USA,PRE,1,44224,2021,01-ENE,324.7,4399.85,,,,,0,131167,43842,32697,32,M,MUJER,OTRO,OTRO,ENTRE 31 Y 40,0,4399.85
129636,WS-030,FRAMBOYAN X,REL,RELOJ,W,SPO,SPORT,S,H,HOMBRE,MAG,CENTRO MAGNO,JAL,JALISCO,MX,MÉXICO,MEX,PRE,1,43862,2020,02-FEB,552.5,5933.5385,,,,,0,,,,,,,,,,0,5933.5385
213176,AL-030,IKARVS KEY RING,ACC,ACCESORIOS,A,LUX,LUXURY,L,U,UNISEX,MHT,MANHATTAN MALL,NY,NEW YORK,US,ESTADOS UNIDOS,USA,PRE,1,44541,2021,12-DIC,43.9875,653.37,,,,,0,,,,,,,,,,0,653.37
170986,WX-010,AIR MASTER PRO,REL,RELOJ,W,EXC,EXCLUSIVE,X,H,HOMBRE,MAG,CENTRO MAGNO,JAL,JALISCO,MX,MÉXICO,MEX,PRE,1,44252,2021,02-FEB,3102.8,26841.7,,,,,0,567719,43881,30929,37,H,HOMBRE,FBIG,FACEBOOK/INSTAGRAM,ENTRE 31 Y 40,0,26841.7
140878,LS-030,SERIE T,LEN,LENTES,L,SPO,SPORT,S,U,UNISEX,PFA,FIESTA FASHION DRIVE,NL,NUEVO LEÓN,MX,MÉXICO,MEX,PRE,1,43987,2020,06-JUN,220.4,1589.76,,,,,0,309423,43842,20813,65,M,MUJER,OTRO,OTRO,MAYORES DE 50,0,1589.76
214034,AL-030,IKARVS KEY RING,ACC,ACCESORIOS,A,LUX,LUXURY,L,U,UNISEX,MAG,CENTRO MAGNO,JAL,JALISCO,MX,MÉXICO,MEX,PRE,1,44543,2021,12-DIC,43.9875,653.37,,,,,0,,,,,,,,,,0,653.37
168946,LS-040,WILD ROSE SUNGLASS,LEN,LENTES,L,SPO,SPORT,S,M,MUJER,MHT,MANHATTAN MALL,NY,NEW YORK,US,ESTADOS UNIDOS,USA,PRE,1,44242,2021,02-FEB,301.55,1910.7,,,,,0,585280,43878,35607,24,M,MUJER,EMAIL,CORREO ELECTRÓNICO,ENTRE 21 Y 30,0,1910.7
177988,AX-040,THE IKARVS CLOTCH BAG,ACC,ACCESORIOS,A,EXC,EXCLUSIVE,X,M,MUJER,WDF,WOODFIELD,IL,ILLINOIS,US,ESTADOS UNIDOS,USA,PRE,1,44308,2021,04-ABR,382.5,17783.96,MOM2021,44287,44306,TODOS,0.25,248552,43909,31046,37,M,MUJER,OTRO,OTRO,ENTRE 31 Y 40,0.05,12448.772
221998,LS-040,WILD ROSE SUNGLASS,LEN,LENTES,L,SPO,SPORT,S,M,MUJER,PER,PERISUR COYOACÁN,CDMX,CIUDAD DE MÉXICO,MX,MÉXICO,MEX,PRE,1,44560,2021,12-DIC,307.9125,2123.63,,,,,0,,,,,,,,,,0,2123.63
184764,LS-040,WILD ROSE SUNGLASS,LEN,LENTES,L,SPO,SPORT,S,M,MUJER,WDF,WOODFIELD,IL,ILLINOIS,US,ESTADOS UNIDOS,USA,PRE,1,44346,2021,05-MAY,301.55,1910.7,,,,,0,535153,43837,31473,35,M,MUJER,EMAIL,CORREO ELECTRÓNICO,ENTRE 31 Y 40,0,1910.7
216482,AX-040,THE IKARVS CLOTCH BAG,ACC,ACCESORIOS,A,EXC,EXCLUSIVE,X,M,MUJER,SCT,SOUTH COAST,CA,CALIFORNIA,US,ESTADOS UNIDOS,USA,PRE,1,44548,2021,12-DIC,439.875,17783.96,,,,,0,,,,,,,,,,0,17783.96
154690,AX-040,THE IKARVS CLOTCH BAG,ACC,ACCESORIOS,A,EXC,EXCLUSIVE,X,M,MUJER,PFA,FIESTA FASHION DRIVE,NL,NUEVO LEÓN,MX,MÉXICO,MEX,PRE,1,44158,2020,11-NOV,382.5,17783.96,,,,,0,,,,,,,,,,0,17783.96
169564,AL-030,IKARVS KEY RING,ACC,ACCESORIOS,A,LUX,LUXURY,L,U,UNISEX,PER,PERISUR COYOACÁN,CDMX,CIUDAD DE MÉXICO,MX,MÉXICO,MEX,PRE,1,44245,2021,02-FEB,40.05,607.29,,,,,0,224528,43862,35143,25,H,HOMBRE,OTRO,OTRO,ENTRE 21 Y 30,0,607.29
164926,AL-010,EYEGLASS & WATCH CASE,ACC,ACCESORIOS,A,LUX,LUXURY,L,U,UNISEX,WDF,WOODFIELD,IL,ILLINOIS,US,ESTADOS UNIDOS,USA,PRE,3,44210,2021,01-ENE,233.75,1499.97,,,,,0,,,,,,,,,,0,4499.91
212538,LS-030,SERIE T,LEN,LENTES,L,SPO,SPORT,S,U,UNISEX,MHT,MANHATTAN MALL,NY,NEW YORK,US,ESTADOS UNIDOS,USA,PRE,1,44540,2021,12-DIC,215.05,1800.55,XMAS2021,44531,44548,TODOS,0.25,640110,43842,35289,25,H,HOMBRE,OTRO,OTRO,ENTRE 21 Y 30,0.05,1260.385
200846,WS-030,FRAMBOYAN X,REL,RELOJ,W,SPO,SPORT,S,H,HOMBRE,TEZ,PLAZA TEZONTLE,CDMX,CIUDAD DE MÉXICO,MX,MÉXICO,MEX,EST,1,44509,2021,11-NOV,635.375,6439.72,,,,,0,280743,43881,33625,29,H,HOMBRE,OTRO,OTRO,ENTRE 21 Y 30,0,6439.72
173504,AL-010,EYEGLASS & WATCH CASE,ACC,ACCESORIOS,A,LUX,LUXURY,L,U,UNISEX,MHT,MANHATTAN MALL,NY,NEW YORK,US,ESTADOS UNIDOS,USA,PRE,3,44275,2021,03-MAR,233.75,1499.97,,,,,0,123082,43876,29473,41,M,MUJER,OTRO,OTRO,ENTRE 41 Y 50,0,4499.91
157444,AL-010,EYEGLASS & WATCH CASE,ACC,ACCESORIOS,A,LUX,LUXURY,L,U,UNISEX,WDF,WOODFIELD,IL,ILLINOIS,US,ESTADOS UNIDOS,USA,PRE,1,44170,2020,12-DIC,233.75,1499.97,,,,,0.3,694092,43874,36161,22,H,HOMBRE,FBIG,FACEBOOK/INSTAGRAM,ENTRE 21 Y 30,0.05,974.9805
189218,AL-020,IKARVS XXI PEN,ACC,ACCESORIOS,A,LUX,LUXURY,L,H,HOMBRE,GLL,THE GALLERÍA,TX,TEXAS,US,ESTADOS UNIDOS,USA,PRE,1,44408,2021,07-JUL,73.3125,1379.92,,,,,0,,,,,,,,,,0,1379.92
165542,AL-010,EYEGLASS & WATCH CASE,ACC,ACCESORIOS,A,LUX,LUXURY,L,U,UNISEX,MHT,MANHATTAN MALL,NY,NEW YORK,US,ESTADOS UNIDOS,USA,PRE,1,44222,2021,01-ENE,233.75,1499.97,,,,,0,623120,43840,32281,33,H,HOMBRE,OTRO,OTRO,ENTRE 31 Y 40,0,1499.97
189936,AL-030,IKARVS KEY RING,ACC,ACCESORIOS,A,LUX,LUXURY,L,U,UNISEX,PAM,PABELLÓN M,NL,NUEVO LEÓN,MX,MÉXICO,MEX,EST,1,44422,2021,08-AGO,43.9875,653.37,,,,,0,,,,,,,,,,0,653.37
153932,AL-020,IKARVS XXI PEN,ACC,ACCESORIOS,A,LUX,LUXURY,L,H,HOMBRE,MHT,MANHATTAN MALL,NY,NEW YORK,US,ESTADOS UNIDOS,USA,PRE,1,44155,2020,11-NOV,66.4,1254.89,,,,,0,,,,,,,,,,0,1254.89
211040,AX-040,THE IKARVS CLOTCH BAG,ACC,ACCESORIOS,A,EXC,EXCLUSIVE,X,M,MUJER,QUE,QUEENS PLACE,NY,NEW YORK,US,ESTADOS UNIDOS,USA,PRE,1,44537,2021,12-DIC,439.875,17783.96,,,,,0,645108,43867,25180,53,H,HOMBRE,OTRO,OTRO,MAYORES DE 50,0,17783.96
152564,LS-040,WILD ROSE SUNGLASS,LEN,LENTES,L,SPO,SPORT,S,M,MUJER,MHT,MANHATTAN MALL,NY,NEW YORK,US,ESTADOS UNIDOS,USA,PRE,1,44149,2020,11-NOV,301.55,1910.7,,,,,0,,,,,,,,,,0,1910.7
173336,AL-030,IKARVS KEY RING,ACC,ACCESORIOS,A,LUX,LUXURY,L,U,UNISEX,GLL,THE GALLERÍA,TX,TEXAS,US,ESTADOS UNIDOS,USA,PRE,1,44273,2021,03-MAR,40.05,607.29,,,,,0,458478,43888,33238,31,M,MUJER,OTRO,OTRO,ENTRE 31 Y 40,0,607.29
221510,AX-040,THE IKARVS CLOTCH BAG,ACC,ACCESORIOS,A,EXC,EXCLUSIVE,X,M,MUJER,PER,PERISUR COYOACÁN,CDMX,CIUDAD DE MÉXICO,MX,MÉXICO,MEX,PRE,1,44559,2021,12-DIC,439.875,17783.96,,,,,0,,,,,,,,,,0,17783.96
178206,AL-030,IKARVS KEY RING,ACC,ACCESORIOS,A,LUX,LUXURY,L,U,UNISEX,PER,PERISUR COYOACÁN,CDMX,CIUDAD DE MÉXICO,MX,MÉXICO,MEX,PRE,1,44309,2021,04-ABR,40.05,607.29,,,,,0,,,,,,,,,,0,607.29
154012,LL-020,RACER,LEN,LENTES,L,LUX,LUXURY,L,H,HOMBRE,PER,PERISUR COYOACÁN,CDMX,CIUDAD DE MÉXICO,MX,MÉXICO,MEX,PRE,1,44155,2020,11-NOV,324.7,4399.85,,,,,0,,,,,,,,,,0,4399.85
132388,LS-040,WILD ROSE SUNGLASS,LEN,LENTES,L,SPO,SPORT,S,M,MUJER,TEZ,PLAZA TEZONTLE,CDMX,CIUDAD DE MÉXICO,MX,MÉXICO,MEX,EST,1,43879,2020,02-FEB,267.75,1796.058,,,,,0,,,,,,,,,,0,1796.058
160308,AL-030,IKARVS KEY RING,ACC,ACCESORIOS,A,LUX,LUXURY,L,U,UNISEX,MHT,MANHATTAN MALL,NY,NEW YORK,US,ESTADOS UNIDOS,USA,PRE,1,44182,2020,12-DIC,40.05,607.29,,,,,0.3,296157,43835,29183,42,M,MUJER,FBIG,FACEBOOK/INSTAGRAM,ENTRE 41 Y 50,0.05,394.7385
158966,AX-040,THE IKARVS CLOTCH BAG,ACC,ACCESORIOS,A,EXC,EXCLUSIVE,X,M,MUJER,MHT,MANHATTAN MALL,NY,NEW YORK,US,ESTADOS UNIDOS,USA,PRE,1,44176,2020,12-DIC,382.5,17783.96,,,,,0,,,,,,,,,,0,17783.96
207974,LS-030,SERIE T,LEN,LENTES,L,SPO,SPORT,S,U,UNISEX,WDF,WOODFIELD,IL,ILLINOIS,US,ESTADOS UNIDOS,USA,PRE,1,44530,2021,11-NOV,215.05,1800.55,,,,,0,360819,43925,31372,36,H,HOMBRE,OTRO,OTRO,ENTRE 31 Y 40,0,1800.55
195640,WX-010,AIR MASTER PRO,REL,RELOJ,W,EXC,EXCLUSIVE,X,H,HOMBRE,PER,PERISUR COYOACÁN,CDMX,CIUDAD DE MÉXICO,MX,MÉXICO,MEX,PRE,1,44480,2021,10-OCT,3372.375,28555.93,,,,,0,200467,43891,31078,36,H,HOMBRE,FBIG,FACEBOOK/INSTAGRAM,ENTRE 31 Y 40,0,28555.93
192940,AX-040,THE IKARVS CLOTCH BAG,ACC,ACCESORIOS,A,EXC,EXCLUSIVE,X,M,MUJER,GLL,THE GALLERÍA,TX,TEXAS,US,ESTADOS UNIDOS,USA,PRE,1,44456,2021,09-SEP,439.875,17783.96,,,,,0,,,,,,,,,,0,17783.96
156668,AL-010,EYEGLASS & WATCH CASE,ACC,ACCESORIOS,A,LUX,LUXURY,L,U,UNISEX,QUE,QUEENS PLACE,NY,NEW YORK,US,ESTADOS UNIDOS,USA,PRE,3,44167,2020,12-DIC,233.75,1499.97,,,,,0.3,130916,43855,34506,27,M,MUJER,OTRO,OTRO,ENTRE 21 Y 30,0.05,2924.9415
198118,LL-020,RACER,LEN,LENTES,L,LUX,LUXURY,L,H,HOMBRE,PER,PERISUR COYOACÁN,CDMX,CIUDAD DE MÉXICO,MX,MÉXICO,MEX,PRE,1,44501,2021,11-NOV,373.405,4835.77,,,,,0,691279,43838,33731,29,N,NO PROPORCIONADO,OTRO,OTRO,ENTRE 21 Y 30,0,4835.77
130828,AX-040,THE IKARVS CLOTCH BAG,ACC,ACCESORIOS,A,EXC,EXCLUSIVE,X,M,MUJER,PER,PERISUR COYOACÁN,CDMX,CIUDAD DE MÉXICO,MX,MÉXICO,MEX,PRE,1,43869,2020,02-FEB,382.5,15705.9456,,,,,0,,,,,,,,,,0,15705.9456
183372,AX-040,THE IKARVS CLOTCH BAG,ACC,ACCESORIOS,A,EXC,EXCLUSIVE,X,M,MUJER,QUE,QUEENS PLACE,NY,NEW YORK,US,ESTADOS UNIDOS,USA,PRE,1,44338,2021,05-MAY,382.5,17783.96,,,,,0,727666,43837,34680,27,M,MUJER,REV,REVISTA,ENTRE 21 Y 30,0,17783.96
179926,AL-030,IKARVS KEY RING,ACC,ACCESORIOS,A,LUX,LUXURY,L,U,UNISEX,MHT,MANHATTAN MALL,NY,NEW YORK,US,ESTADOS UNIDOS,USA,PRE,1,44320,2021,05-MAY,40.05,607.29,,,,,0,318440,43883,23344,58,H,HOMBRE,OTRO,OTRO,MAYORES DE 50,0,607.29
168684,LL-020,RACER,LEN,LENTES,L,LUX,LUXURY,L,H,HOMBRE,GLL,THE GALLERÍA,TX,TEXAS,US,ESTADOS UNIDOS,USA,PRE,2,44241,2021,02-FEB,324.7,4399.85,,,,,0,455452,43845,35199,25,M,MUJER,OTRO,OTRO,ENTRE 21 Y 30,0,8799.7
173306,AL-030,IKARVS KEY RING,ACC,ACCESORIOS,A,LUX,LUXURY,L,U,UNISEX,SCT,SOUTH COAST,CA,CALIFORNIA,US,ESTADOS UNIDOS,USA,PRE,2,44273,2021,03-MAR,40.05,607.29,,,,,0,692211,43877,17426,74,M,MUJER,OTRO,OTRO,MAYORES DE 50,0,1214.58
129912,LS-040,WILD ROSE SUNGLASS,LEN,LENTES,L,SPO,SPORT,S,M,MUJER,GLL,THE GALLERÍA,TX,TEXAS,US,ESTADOS UNIDOS,USA,PRE,2,43864,2020,02-FEB,267.75,1796.058,VAL2020,43862,43875,TODOS,0.3,181407,43844,33407,30,H,HOMBRE,FBIG,FACEBOOK/INSTAGRAM,ENTRE 21 Y 30,0.05,2334.8754
204078,AL-010,EYEGLASS & WATCH CASE,ACC,ACCESORIOS,A,LUX,LUXURY,L,U,UNISEX,WDF,WOODFIELD,IL,ILLINOIS,US,ESTADOS UNIDOS,USA,PRE,1,44519,2021,11-NOV,268.8125,1499.97,,,,,0,139087,43877,20841,64,H,HOMBRE,OTRO,OTRO,MAYORES DE 50,0,1499.97
158732,WS-030,FRAMBOYAN X,REL,RELOJ,W,SPO,SPORT,S,H,HOMBRE,QUE,QUEENS PLACE,NY,NEW YORK,US,ESTADOS UNIDOS,USA,PRE,1,44175,2020,12-DIC,552.5,5933.5385,,,,,0,,,,,,,,,,0,5933.5385
177026,LL-020,RACER,LEN,LENTES,L,LUX,LUXURY,L,H,HOMBRE,WDF,WOODFIELD,IL,ILLINOIS,US,ESTADOS UNIDOS,USA,PRE,1,44302,2021,04-ABR,324.7,4399.85,,,,,0,315139,43838,26066,50,H,HOMBRE,FBIG,FACEBOOK/INSTAGRAM,ENTRE 41 Y 50,0,4399.85
137904,AL-030,IKARVS KEY RING,ACC,ACCESORIOS,A,LUX,LUXURY,L,U,UNISEX,MHT,MANHATTAN MALL,NY,NEW YORK,US,ESTADOS UNIDOS,USA,PRE,1,43953,2020,05-MAY,38.25,570.8526,,,,,0,738277,43853,22987,59,M,MUJER,EMAIL,CORREO ELECTRÓNICO,MAYORES DE 50,0,570.8526
187072,AL-010,EYEGLASS & WATCH CASE,ACC,ACCESORIOS,A,LUX,LUXURY,L,U,UNISEX,MAG,CENTRO MAGNO,JAL,JALISCO,MX,MÉXICO,MEX,PRE,1,44372,2021,06-JUN,268.8125,1499.97,,,,,0,,,,,,,,,,0,1499.97
130598,WX-010,AIR MASTER PRO,REL,RELOJ,W,EXC,EXCLUSIVE,X,H,HOMBRE,WDF,WOODFIELD,IL,ILLINOIS,US,ESTADOS UNIDOS,USA,PRE,1,43868,2020,02-FEB,2932.5,26036.449,,,,,0,,,,,,,,,,0,26036.449
222222,AL-030,IKARVS KEY RING,ACC,ACCESORIOS,A,LUX,LUXURY,L,U,UNISEX,SCT,SOUTH COAST,CA,CALIFORNIA,US,ESTADOS UNIDOS,USA,PRE,1,44561,2021,12-DIC,43.9875,653.37,,,,,0,757196,43884,31877,34,H,HOMBRE,WS,WEB SITE,ENTRE 31 Y 40,0,653.37
189892,AL-030,IKARVS KEY RING,ACC,ACCESORIOS,A,LUX,LUXURY,L,U,UNISEX,TLA,PLAZA TLAQUEPAQUE,JAL,JALISCO,MX,MÉXICO,MEX,EST,1,44422,2021,08-AGO,43.9875,653.37,,,,,0,781026,43869,26091,50,H,HOMBRE,OTRO,OTRO,ENTRE 41 Y 50,0,653.37
197848,LL-020,RACER,LEN,LENTES,L,LUX,LUXURY,L,H,HOMBRE,MHT,MANHATTAN MALL,NY,NEW YORK,US,ESTADOS UNIDOS,USA,PRE,1,44499,2021,10-OCT,373.405,4835.77,,,,,0,,,,,,,,,,0,4835.77
150854,AX-040,THE IKARVS CLOTCH BAG,ACC,ACCESORIOS,A,EXC,EXCLUSIVE,X,M,MUJER,WDF,WOODFIELD,IL,ILLINOIS,US,ESTADOS UNIDOS,USA,PRE,1,44142,2020,11-NOV,382.5,17783.96,,,,,0,576403,43885,33483,30,H,HOMBRE,OTRO,OTRO,ENTRE 21 Y 30,0,17783.96
162004,AL-010,EYEGLASS & WATCH CASE,ACC,ACCESORIOS,A,LUX,LUXURY,L,U,UNISEX,WDF,WOODFIELD,IL,ILLINOIS,US,ESTADOS UNIDOS,USA,PRE,1,44188,2020,12-DIC,233.75,1499.97,,,,,0,675901,43845,36615,21,H,HOMBRE,OTRO,OTRO,ENTRE 21 Y 30,0,1499.97
169772,AL-020,IKARVS XXI PEN,ACC,ACCESORIOS,A,LUX,LUXURY,L,H,HOMBRE,MHT,MANHATTAN MALL,NY,NEW YORK,US,ESTADOS UNIDOS,USA,PRE,1,44246,2021,02-FEB,66.4,1254.89,,,,,0,232888,43900,36885,21,H,HOMBRE,FBIG,FACEBOOK/INSTAGRAM,ENTRE 21 Y 30,0,1254.89
132100,AX-040,THE IKARVS CLOTCH BAG,ACC,ACCESORIOS,A,EXC,EXCLUSIVE,X,M,MUJER,GLL,THE GALLERÍA,TX,TEXAS,US,ESTADOS UNIDOS,USA,PRE,1,43877,2020,02-FEB,382.5,15705.9456,,,,,0,,,,,,,,,,0,15705.9456
216180,AX-040,THE IKARVS CLOTCH BAG,ACC,ACCESORIOS,A,EXC,EXCLUSIVE,X,M,MUJER,GLL,THE GALLERÍA,TX,TEXAS,US,ESTADOS UNIDOS,USA,PRE,1,44548,2021,12-DIC,439.875,17783.96,,,,,0,423565,43852,26960,48,M,MUJER,WS,WEB SITE,ENTRE 41 Y 50,0,17783.96
221910,AX-040,THE IKARVS CLOTCH BAG,ACC,ACCESORIOS,A,EXC,EXCLUSIVE,X,M,MUJER,PER,PERISUR COYOACÁN,CDMX,CIUDAD DE MÉXICO,MX,MÉXICO,MEX,PRE,1,44560,2021,12-DIC,439.875,17783.96,,,,,0,,,,,,,,,,0,17783.96
199340,AL-030,IKARVS KEY RING,ACC,ACCESORIOS,A,LUX,LUXURY,L,U,UNISEX,MHT,MANHATTAN MALL,NY,NEW YORK,US,ESTADOS UNIDOS,USA,PRE,1,44504,2021,11-NOV,43.9875,653.37,,,,,0,,,,,,,,,,0,653.37
146210,AL-020,IKARVS XXI PEN,ACC,ACCESORIOS,A,LUX,LUXURY,L,H,HOMBRE,WDF,WOODFIELD,IL,ILLINOIS,US,ESTADOS UNIDOS,USA,PRE,1,44092,2020,09-SEP,66.4,1254.89,,,,,0,102452,43854,37988,17,H,HOMBRE,WS,WEB SITE,MENORES DE 21,0,1254.89
162288,LS-040,WILD ROSE SUNGLASS,LEN,LENTES,L,SPO,SPORT,S,M,MUJER,GAL,GALERÍAS GUADALAJARA,JAL,JALISCO,MX,MÉXICO,MEX,EST,1,44189,2020,12-DIC,301.55,1910.7,,,,,0,,,,,,,,,,0,1910.7
219208,AL-030,IKARVS KEY RING,ACC,ACCESORIOS,A,LUX,LUXURY,L,U,UNISEX,PAM,PABELLÓN M,NL,NUEVO LEÓN,MX,MÉXICO,MEX,EST,1,44554,2021,12-DIC,43.9875,653.37,,,,,0,,,,,,,,,,0,653.37
169822,AL-010,EYEGLASS & WATCH CASE,ACC,ACCESORIOS,A,LUX,LUXURY,L,U,UNISEX,SCT,SOUTH COAST,CA,CALIFORNIA,US,ESTADOS UNIDOS,USA,PRE,1,44246,2021,02-FEB,233.75,1499.97,,,,,0,,,,,,,,,,0,1499.97
131806,AL-020,IKARVS XXI PEN,ACC,ACCESORIOS,A,LUX,LUXURY,L,H,HOMBRE,GLL,THE GALLERÍA,TX,TEXAS,US,ESTADOS UNIDOS,USA,PRE,1,43875,2020,02-FEB,63.75,1204.6944,,,,,0,,,,,,,,,,0,1204.6944
167720,AX-040,THE IKARVS CLOTCH BAG,ACC,ACCESORIOS,A,EXC,EXCLUSIVE,X,M,MUJER,PER,PERISUR COYOACÁN,CDMX,CIUDAD DE MÉXICO,MX,MÉXICO,MEX,PRE,1,44236,2021,02-FEB,382.5,17783.96,,,,,0,,,,,,,,,,0,17783.96
214910,LL-020,RACER,LEN,LENTES,L,LUX,LUXURY,L,H,HOMBRE,PER,PERISUR COYOACÁN,CDMX,CIUDAD DE MÉXICO,MX,MÉXICO,MEX,PRE,1,44545,2021,12-DIC,373.405,4835.77,,,,,0.25,307416,43889,34452,27,H,HOMBRE,FBIG,FACEBOOK/INSTAGRAM,ENTRE 21 Y 30,0.05,3385.039
221744,AL-010,EYEGLASS & WATCH CASE,ACC,ACCESORIOS,A,LUX,LUXURY,L,U,UNISEX,WDF,WOODFIELD,IL,ILLINOIS,US,ESTADOS UNIDOS,USA,PRE,1,44560,2021,12-DIC,268.8125,1499.97,,,,,0,612993,43883,30623,38,M,MUJER,FBIG,FACEBOOK/INSTAGRAM,ENTRE 31 Y 40,0,1499.97
135198,LL-020,RACER,LEN,LENTES,L,LUX,LUXURY,L,H,HOMBRE,PFA,FIESTA FASHION DRIVE,NL,NUEVO LEÓN,MX,MÉXICO,MEX,PRE,1,43909,2020,03-MAR,324.7,4179.8575,,,,,0,,,,,,,,,,0,4179.8575
201006,LS-040,WILD ROSE SUNGLASS,LEN,LENTES,L,SPO,SPORT,S,M,MUJER,SCT,SOUTH COAST,CA,CALIFORNIA,US,ESTADOS UNIDOS,USA,PRE,1,44510,2021,11-NOV,307.9125,2123.63,,,,,0,472692,43851,22363,60,M,MUJER,OTRO,OTRO,MAYORES DE 50,0,2123.63
190306,LS-040,WILD ROSE SUNGLASS,LEN,LENTES,L,SPO,SPORT,S,M,MUJER,QUE,QUEENS PLACE,NY,NEW YORK,US,ESTADOS UNIDOS,USA,PRE,1,44428,2021,08-AGO,307.9125,2123.63,,,,,0,,,,,,,,,,0,2123.63
159182,LL-020,RACER,LEN,LENTES,L,LUX,LUXURY,L,H,HOMBRE,QUE,QUEENS PLACE,NY,NEW YORK,US,ESTADOS UNIDOS,USA,PRE,1,44177,2020,12-DIC,324.7,4399.85,,,,,0,630878,43845,34640,27,M,MUJER,EMAIL,CORREO ELECTRÓNICO,ENTRE 21 Y 30,0,4399.85
133952,AL-030,IKARVS KEY RING,ACC,ACCESORIOS,A,LUX,LUXURY,L,U,UNISEX,GLL,THE GALLERÍA,TX,TEXAS,US,ESTADOS UNIDOS,USA,PRE,1,43888,2020,02-FEB,38.25,570.8526,,,,,0,,,,,,,,,,0,570.8526
183308,AL-010,EYEGLASS & WATCH CASE,ACC,ACCESORIOS,A,LUX,LUXURY,L,U,UNISEX,PER,PERISUR COYOACÁN,CDMX,CIUDAD DE MÉXICO,MX,MÉXICO,MEX,PRE,1,44338,2021,05-MAY,233.75,1499.97,,,,,0,125793,43889,32010,34,M,MUJER,OTRO,OTRO,ENTRE 31 Y 40,0,1499.97
202936,AL-030,IKARVS KEY RING,ACC,ACCESORIOS,A,LUX,LUXURY,L,U,UNISEX,GLL,THE GALLERÍA,TX,TEXAS,US,ESTADOS UNIDOS,USA,PRE,1,44515,2021,11-NOV,43.9875,653.37,,,,,0,,,,,,,,,,0,653.37
209358,LS-030,SERIE T,LEN,LENTES,L,SPO,SPORT,S,U,UNISEX,SCT,SOUTH COAST,CA,CALIFORNIA,US,ESTADOS UNIDOS,USA,PRE,1,44533,2021,12-DIC,215.05,1800.55,XMAS2021,44531,44548,TODOS,0.25,428618,43841,32582,32,M,MUJER,WS,WEB SITE,ENTRE 31 Y 40,0.05,1260.385
171398,AL-030,IKARVS KEY RING,ACC,ACCESORIOS,A,LUX,LUXURY,L,U,UNISEX,WDF,WOODFIELD,IL,ILLINOIS,US,ESTADOS UNIDOS,USA,PRE,1,44254,2021,02-FEB,40.05,607.29,,,,,0,595981,43885,31148,36,H,HOMBRE,REV,REVISTA,ENTRE 31 Y 40,0,607.29
165510,LS-040,WILD ROSE SUNGLASS,LEN,LENTES,L,SPO,SPORT,S,M,MUJER,TLA,PLAZA TLAQUEPAQUE,JAL,JALISCO,MX,MÉXICO,MEX,EST,1,44221,2021,01-ENE,301.55,1910.7,,,,,0,,,,,,,,,,0,1910.7
192604,AL-030,IKARVS KEY RING,ACC,ACCESORIOS,A,LUX,LUXURY,L,U,UNISEX,SCT,SOUTH COAST,CA,CALIFORNIA,US,ESTADOS UNIDOS,USA,PRE,1,44453,2021,09-SEP,43.9875,653.37,,,,,0,,,,,,,,,,0,653.37
158562,WS-040,ADVANCE ONE,REL,RELOJ,W,SPO,SPORT,S,M,MUJER,GLL,THE GALLERÍA,TX,TEXAS,US,ESTADOS UNIDOS,USA,PRE,1,44175,2020,12-DIC,467.5,4794.8928,,,,,0,328149,43871,20250,66,M,MUJER,OTRO,OTRO,MAYORES DE 50,0,4794.8928
161304,AL-010,EYEGLASS & WATCH CASE,ACC,ACCESORIOS,A,LUX,LUXURY,L,U,UNISEX,SCT,SOUTH COAST,CA,CALIFORNIA,US,ESTADOS UNIDOS,USA,PRE,1,44186,2020,12-DIC,233.75,1499.97,,,,,0.3,792307,43868,23383,57,H,HOMBRE,OTRO,OTRO,MAYORES DE 50,0.05,974.9805
219838,AL-010,EYEGLASS & WATCH CASE,ACC,ACCESORIOS,A,LUX,LUXURY,L,U,UNISEX,SCT,SOUTH COAST,CA,CALIFORNIA,US,ESTADOS UNIDOS,USA,PRE,1,44556,2021,12-DIC,268.8125,1499.97,,,,,0,662181,43839,21040,64,H,HOMBRE,OTRO,OTRO,MAYORES DE 50,0,1499.97
198278,LL-020,RACER,LEN,LENTES,L,LUX,LUXURY,L,H,HOMBRE,SCT,SOUTH COAST,CA,CALIFORNIA,US,ESTADOS UNIDOS,USA,PRE,1,44501,2021,11-NOV,373.405,4835.77,,,,,0,,,,,,,,,,0,4835.77
194414,AL-020,IKARVS XXI PEN,ACC,ACCESORIOS,A,LUX,LUXURY,L,H,HOMBRE,WDF,WOODFIELD,IL,ILLINOIS,US,ESTADOS UNIDOS,USA,PRE,1,44469,2021,09-SEP,73.3125,1379.92,,,,,0,194970,43887,33059,31,H,HOMBRE,FBIG,FACEBOOK/INSTAGRAM,ENTRE 31 Y 40,0,1379.92
179664,AL-030,IKARVS KEY RING,ACC,ACCESORIOS,A,LUX,LUXURY,L,U,UNISEX,QUE,QUEENS PLACE,NY,NEW YORK,US,ESTADOS UNIDOS,USA,PRE,3,44318,2021,05-MAY,40.05,607.29,,,,,0,,,,,,,,,,0,1821.87
162104,LS-040,WILD ROSE SUNGLASS,LEN,LENTES,L,SPO,SPORT,S,M,MUJER,MHT,MANHATTAN MALL,NY,NEW YORK,US,ESTADOS UNIDOS,USA,PRE,1,44188,2020,12-DIC,301.55,1910.7,,,,,0,,,,,,,,,,0,1910.7
170802,LL-020,RACER,LEN,LENTES,L,LUX,LUXURY,L,H,HOMBRE,SCT,SOUTH COAST,CA,CALIFORNIA,US,ESTADOS UNIDOS,USA,PRE,1,44251,2021,02-FEB,324.7,4399.85,,,,,0,260779,43907,32019,34,H,HOMBRE,OTRO,OTRO,ENTRE 31 Y 40,0,4399.85
158072,AL-020,IKARVS XXI PEN,ACC,ACCESORIOS,A,LUX,LUXURY,L,H,HOMBRE,TEZ,PLAZA TEZONTLE,CDMX,CIUDAD DE MÉXICO,MX,MÉXICO,MEX,EST,1,44173,2020,12-DIC,66.4,1254.89,,,,,0.3,144872,43878,25007,53,H,HOMBRE,WS,WEB SITE,MAYORES DE 50,0.05,815.6785
169658,WX-010,AIR MASTER PRO,REL,RELOJ,W,EXC,EXCLUSIVE,X,H,HOMBRE,MHT,MANHATTAN MALL,NY,NEW YORK,US,ESTADOS UNIDOS,USA,PRE,1,44245,2021,02-FEB,3102.8,26841.7,,,,,0,,,,,,,,,,0,26841.7
175862,AL-030,IKARVS KEY RING,ACC,ACCESORIOS,A,LUX,LUXURY,L,U,UNISEX,SCT,SOUTH COAST,CA,CALIFORNIA,US,ESTADOS UNIDOS,USA,PRE,1,44294,2021,04-ABR,40.05,607.29,,,,,0,242239,43871,33728,29,M,MUJER,EMAIL,CORREO ELECTRÓNICO,ENTRE 21 Y 30,0,607.29
179074,AL-030,IKARVS KEY RING,ACC,ACCESORIOS,A,LUX,LUXURY,L,U,UNISEX,SCT,SOUTH COAST,CA,CALIFORNIA,US,ESTADOS UNIDOS,USA,PRE,1,44315,2021,04-ABR,40.05,607.29,,,,,0,350868,43887,31649,35,H,HOMBRE,OTRO,OTRO,ENTRE 31 Y 40,0,607.29
190920,WX-010,AIR MASTER PRO,REL,RELOJ,W,EXC,EXCLUSIVE,X,H,HOMBRE,MHT,MANHATTAN MALL,NY,NEW YORK,US,ESTADOS UNIDOS,USA,PRE,1,44438,2021,08-AGO,3372.375,28555.93,,,,,0,,,,,,,,,,0,28555.93
188422,AL-010,EYEGLASS & WATCH CASE,ACC,ACCESORIOS,A,LUX,LUXURY,L,U,UNISEX,MHT,MANHATTAN MALL,NY,NEW YORK,US,ESTADOS UNIDOS,USA,PRE,1,44395,2021,07-JUL,268.8125,1499.97,,,,,0,665095,43848,30155,39,H,HOMBRE,REV,REVISTA,ENTRE 31 Y 40,0,1499.97
188556,AL-020,IKARVS XXI PEN,ACC,ACCESORIOS,A,LUX,LUXURY,L,H,HOMBRE,MHT,MANHATTAN MALL,NY,NEW YORK,US,ESTADOS UNIDOS,USA,PRE,1,44397,2021,07-JUL,73.3125,1379.92,,,,,0,342339,43891,34020,28,M,MUJER,EMAIL,CORREO ELECTRÓNICO,ENTRE 21 Y 30,0,1379.92
193546,AX-040,THE IKARVS CLOTCH BAG,ACC,ACCESORIOS,A,EXC,EXCLUSIVE,X,M,MUJER,PER,PERISUR COYOACÁN,CDMX,CIUDAD DE MÉXICO,MX,MÉXICO,MEX,PRE,1,44462,2021,09-SEP,439.875,17783.96,,,,,0,555999,43888,27980,45,M,MUJER,OTRO,OTRO,ENTRE 41 Y 50,0,17783.96
183778,AL-030,IKARVS KEY RING,ACC,ACCESORIOS,A,LUX,LUXURY,L,U,UNISEX,SCT,SOUTH COAST,CA,CALIFORNIA,US,ESTADOS UNIDOS,USA,PRE,1,44340,2021,05-MAY,40.05,607.29,,,,,0,,,,,,,,,,0,607.29
184794,AL-010,EYEGLASS & WATCH CASE,ACC,ACCESORIOS,A,LUX,LUXURY,L,U,UNISEX,GLL,THE GALLERÍA,TX,TEXAS,US,ESTADOS UNIDOS,USA,PRE,1,44346,2021,05-MAY,233.75,1499.97,,,,,0,234899,43908,31565,35,H,HOMBRE,OTRO,OTRO,ENTRE 31 Y 40,0,1499.97
192956,AL-010,EYEGLASS & WATCH CASE,ACC,ACCESORIOS,A,LUX,LUXURY,L,U,UNISEX,SCT,SOUTH COAST,CA,CALIFORNIA,US,ESTADOS UNIDOS,USA,PRE,1,44457,2021,09-SEP,268.8125,1499.97,,,,,0,652029,43840,24948,53,M,MUJER,OTRO,OTRO,MAYORES DE 50,0,1499.97
167442,LS-040,WILD ROSE SUNGLASS,LEN,LENTES,L,SPO,SPORT,S,M,MUJER,PER,PERISUR COYOACÁN,CDMX,CIUDAD DE MÉXICO,MX,MÉXICO,MEX,PRE,1,44235,2021,02-FEB,301.55,1910.7,,,,,0,,,,,,,,,,0,1910.7
197972,LS-030,SERIE T,LEN,LENTES,L,SPO,SPORT,S,U,UNISEX,QUE,QUEENS PLACE,NY,NEW YORK,US,ESTADOS UNIDOS,USA,PRE,1,44500,2021,10-OCT,215.05,1800.55,,,,,0,,,,,,,,,,0,1800.55
193046,LS-040,WILD ROSE SUNGLASS,LEN,LENTES,L,SPO,SPORT,S,M,MUJER,TEZ,PLAZA TEZONTLE,CDMX,CIUDAD DE MÉXICO,MX,MÉXICO,MEX,EST,1,44457,2021,09-SEP,307.9125,2123.63,,,,,0,,,,,,,,,,0,2123.63
183226,AX-040,THE IKARVS CLOTCH BAG,ACC,ACCESORIOS,A,EXC,EXCLUSIVE,X,M,MUJER,PFA,FIESTA FASHION DRIVE,NL,NUEVO LEÓN,MX,MÉXICO,MEX,PRE,1,44337,2021,05-MAY,382.5,17783.96,,,,,0,,,,,,,,,,0,17783.96
211642,LL-020,RACER,LEN,LENTES,L,LUX,LUXURY,L,H,HOMBRE,MHT,MANHATTAN MALL,NY,NEW YORK,US,ESTADOS UNIDOS,USA,PRE,1,44538,2021,12-DIC,373.405,4835.77,,,,,0.25,777894,43901,32315,33,M,MUJER,WS,WEB SITE,ENTRE 31 Y 40,0.05,3385.039
158318,AL-010,EYEGLASS & WATCH CASE,ACC,ACCESORIOS,A,LUX,LUXURY,L,U,UNISEX,MHT,MANHATTAN MALL,NY,NEW YORK,US,ESTADOS UNIDOS,USA,PRE,1,44174,2020,12-DIC,233.75,1499.97,,,,,0.3,646789,43893,19614,68,M,MUJER,OTRO,OTRO,MAYORES DE 50,0.05,974.9805
201082,LL-020,RACER,LEN,LENTES,L,LUX,LUXURY,L,H,HOMBRE,PER,PERISUR COYOACÁN,CDMX,CIUDAD DE MÉXICO,MX,MÉXICO,MEX,PRE,1,44510,2021,11-NOV,373.405,4835.77,,,,,0,715964,43877,31154,36,H,HOMBRE,FBIG,FACEBOOK/INSTAGRAM,ENTRE 31 Y 40,0,4835.77
138064,AL-030,IKARVS KEY RING,ACC,ACCESORIOS,A,LUX,LUXURY,L,U,UNISEX,SCT,SOUTH COAST,CA,CALIFORNIA,US,ESTADOS UNIDOS,USA,PRE,1,43954,2020,05-MAY,38.25,570.8526,,,,,0,,,,,,,,,,0,570.8526
153584,AX-040,THE IKARVS CLOTCH BAG,ACC,ACCESORIOS,A,EXC,EXCLUSIVE,X,M,MUJER,MHT,MANHATTAN MALL,NY,NEW YORK,US,ESTADOS UNIDOS,USA,PRE,1,44154,2020,11-NOV,382.5,17783.96,,,,,0,504509,43886,27295,47,H,HOMBRE,OTRO,OTRO,ENTRE 41 Y 50,0,17783.96
185410,AL-010,EYEGLASS & WATCH CASE,ACC,ACCESORIOS,A,LUX,LUXURY,L,U,UNISEX,PFA,FIESTA FASHION DRIVE,NL,NUEVO LEÓN,MX,MÉXICO,MEX,PRE,1,44351,2021,06-JUN,268.8125,1499.97,,,,,0,317746,43885,28433,44,H,HOMBRE,OTRO,OTRO,ENTRE 41 Y 50,0,1499.97
195622,WS-030,FRAMBOYAN X,REL,RELOJ,W,SPO,SPORT,S,H,HOMBRE,PFA,FIESTA FASHION DRIVE,NL,NUEVO LEÓN,MX,MÉXICO,MEX,PRE,1,44480,2021,10-OCT,635.375,6439.72,,,,,0,627775,43895,32332,33,H,HOMBRE,FBIG,FACEBOOK/INSTAGRAM,ENTRE 31 Y 40,0,6439.72
137774,LL-020,RACER,LEN,LENTES,L,LUX,LUXURY,L,H,HOMBRE,PAM,PABELLÓN M,NL,NUEVO LEÓN,MX,MÉXICO,MEX,EST,1,43951,2020,04-ABR,324.7,4179.8575,,,,,0,468686,43880,34492,27,M,MUJER,OTRO,OTRO,ENTRE 21 Y 30,0,4179.8575
173680,LS-030,SERIE T,LEN,LENTES,L,SPO,SPORT,S,U,UNISEX,PER,PERISUR COYOACÁN,CDMX,CIUDAD DE MÉXICO,MX,MÉXICO,MEX,PRE,1,44276,2021,03-MAR,220.4,1589.76,,,,,0,,,,,,,,,,0,1589.76
149608,AL-030,IKARVS KEY RING,ACC,ACCESORIOS,A,LUX,LUXURY,L,U,UNISEX,WDF,WOODFIELD,IL,ILLINOIS,US,ESTADOS UNIDOS,USA,PRE,1,44137,2020,11-NOV,40.05,607.29,,,,,0,190692,43891,31194,36,H,HOMBRE,WS,WEB SITE,ENTRE 31 Y 40,0,607.29
186128,AL-030,IKARVS KEY RING,ACC,ACCESORIOS,A,LUX,LUXURY,L,U,UNISEX,MHT,MANHATTAN MALL,NY,NEW YORK,US,ESTADOS UNIDOS,USA,PRE,1,44360,2021,06-JUN,43.9875,653.37,,,,,0,323948,43891,33865,29,H,HOMBRE,FBIG,FACEBOOK/INSTAGRAM,ENTRE 21 Y 30,0,653.37
162840,AL-010,EYEGLASS & WATCH CASE,ACC,ACCESORIOS,A,LUX,LUXURY,L,U,UNISEX,MHT,MANHATTAN MALL,NY,NEW YORK,US,ESTADOS UNIDOS,USA,PRE,1,44192,2020,12-DIC,233.75,1499.97,,,,,0,504310,43870,18272,71,H,HOMBRE,OTRO,OTRO,MAYORES DE 50,0,1499.97
215806,AL-010,EYEGLASS & WATCH CASE,ACC,ACCESORIOS,A,LUX,LUXURY,L,U,UNISEX,MHT,MANHATTAN MALL,NY,NEW YORK,US,ESTADOS UNIDOS,USA,PRE,3,44547,2021,12-DIC,268.8125,1499.97,,,,,0,681290,43872,32507,33,M,MUJER,OTRO,OTRO,ENTRE 31 Y 40,0,4499.91
152844,AL-010,EYEGLASS & WATCH CASE,ACC,ACCESORIOS,A,LUX,LUXURY,L,U,UNISEX,PER,PERISUR COYOACÁN,CDMX,CIUDAD DE MÉXICO,MX,MÉXICO,MEX,PRE,1,44151,2020,11-NOV,233.75,1499.97,,,,,0,300581,43892,16149,77,H,HOMBRE,FBIG,FACEBOOK/INSTAGRAM,MAYORES DE 50,0,1499.97
197124,WX-010,AIR MASTER PRO,REL,RELOJ,W,EXC,EXCLUSIVE,X,H,HOMBRE,GLL,THE GALLERÍA,TX,TEXAS,US,ESTADOS UNIDOS,USA,PRE,1,44493,2021,10-OCT,3372.375,28555.93,,,,,0,180997,43868,33890,29,H,HOMBRE,OTRO,OTRO,ENTRE 21 Y 30,0,28555.93
215142,LS-040,WILD ROSE SUNGLASS,LEN,LENTES,L,SPO,SPORT,S,M,MUJER,TLA,PLAZA TLAQUEPAQUE,JAL,JALISCO,MX,MÉXICO,MEX,EST,1,44546,2021,12-DIC,307.9125,2123.63,XMAS2021,44531,44548,TODOS,0.25,343406,43881,21620,62,H,HOMBRE,OTRO,OTRO,MAYORES DE 50,0.05,1486.541
178804,AX-040,THE IKARVS CLOTCH BAG,ACC,ACCESORIOS,A,EXC,EXCLUSIVE,X,M,MUJER,QUE,QUEENS PLACE,NY,NEW YORK,US,ESTADOS UNIDOS,USA,PRE,1,44313,2021,04-ABR,382.5,17783.96,MOM2021,44287,44306,TODOS,0.25,238486,43876,38375,16,M,MUJER,FBIG,FACEBOOK/INSTAGRAM,MENORES DE 21,0.05,12448.772
197394,AL-020,IKARVS XXI PEN,ACC,ACCESORIOS,A,LUX,LUXURY,L,H,HOMBRE,GAL,GALERÍAS GUADALAJARA,JAL,JALISCO,MX,MÉXICO,MEX,EST,1,44496,2021,10-OCT,73.3125,1379.92,,,,,0,492293,43845,17260,74,H,HOMBRE,OTRO,OTRO,MAYORES DE 50,0,1379.92
192432,LL-020,RACER,LEN,LENTES,L,LUX,LUXURY,L,H,HOMBRE,QUE,QUEENS PLACE,NY,NEW YORK,US,ESTADOS UNIDOS,USA,PRE,2,44452,2021,09-SEP,373.405,4835.77,,,,,0,572503,43887,36356,22,M,MUJER,OTRO,OTRO,ENTRE 21 Y 30,0,9671.54
184940,AL-010,EYEGLASS & WATCH CASE,ACC,ACCESORIOS,A,LUX,LUXURY,L,U,UNISEX,PFA,FIESTA FASHION DRIVE,NL,NUEVO LEÓN,MX,MÉXICO,MEX,PRE,1,44346,2021,05-MAY,233.75,1499.97,,,,,0,,,,,,,,,,0,1499.97
185052,LL-020,RACER,LEN,LENTES,L,LUX,LUXURY,L,H,HOMBRE,MAG,CENTRO MAGNO,JAL,JALISCO,MX,MÉXICO,MEX,PRE,1,44347,2021,05-MAY,324.7,4399.85,,,,,0,419853,43879,34250,28,M,MUJER,OTRO,OTRO,ENTRE 21 Y 30,0,4399.85
213698,AL-030,IKARVS KEY RING,ACC,ACCESORIOS,A,LUX,LUXURY,L,U,UNISEX,MHT,MANHATTAN MALL,NY,NEW YORK,US,ESTADOS UNIDOS,USA,PRE,1,44542,2021,12-DIC,43.9875,653.37,,,,,0,,,,,,,,,,0,653.37
155542,AL-030,IKARVS KEY RING,ACC,ACCESORIOS,A,LUX,LUXURY,L,U,UNISEX,GLL,THE GALLERÍA,TX,TEXAS,US,ESTADOS UNIDOS,USA,PRE,1,44162,2020,11-NOV,40.05,607.29,,,,,0,316199,43863,35123,25,H,HOMBRE,OTRO,OTRO,ENTRE 21 Y 30,0,607.29
158746,AL-030,IKARVS KEY RING,ACC,ACCESORIOS,A,LUX,LUXURY,L,U,UNISEX,MHT,MANHATTAN MALL,NY,NEW YORK,US,ESTADOS UNIDOS,USA,PRE,1,44175,2020,12-DIC,40.05,607.29,,,,,0.3,,,,,,,,,,0.05,394.7385
182784,AX-040,THE IKARVS CLOTCH BAG,ACC,ACCESORIOS,A,EXC,EXCLUSIVE,X,M,MUJER,WDF,WOODFIELD,IL,ILLINOIS,US,ESTADOS UNIDOS,USA,PRE,1,44335,2021,05-MAY,382.5,17783.96,,,,,0,637618,43893,36418,22,M,MUJER,OTRO,OTRO,ENTRE 21 Y 30,0,17783.96
216994,AL-030,IKARVS KEY RING,ACC,ACCESORIOS,A,LUX,LUXURY,L,U,UNISEX,PAM,PABELLÓN M,NL,NUEVO LEÓN,MX,MÉXICO,MEX,EST,1,44549,2021,12-DIC,43.9875,653.37,,,,,0,,,,,,,,,,0,653.37
147592,WS-030,FRAMBOYAN X,REL,RELOJ,W,SPO,SPORT,S,H,HOMBRE,TLA,PLAZA TLAQUEPAQUE,JAL,JALISCO,MX,MÉXICO,MEX,EST,1,44111,2020,10-OCT,552.5,5933.5385,,,,,0,507355,43899,31586,35,H,HOMBRE,FBIG,FACEBOOK/INSTAGRAM,ENTRE 31 Y 40,0,5933.5385
191098,WS-030,FRAMBOYAN X,REL,RELOJ,W,SPO,SPORT,S,H,HOMBRE,TEZ,PLAZA TEZONTLE,CDMX,CIUDAD DE MÉXICO,MX,MÉXICO,MEX,EST,1,44441,2021,09-SEP,635.375,6439.72,,,,,0,125894,43885,22035,61,H,HOMBRE,OTRO,OTRO,MAYORES DE 50,0,6439.72
166316,LS-030,SERIE T,LEN,LENTES,L,SPO,SPORT,S,U,UNISEX,WDF,WOODFIELD,IL,ILLINOIS,US,ESTADOS UNIDOS,USA,PRE,1,44230,2021,02-FEB,220.4,1589.76,,,,,0,132979,43854,16015,78,H,HOMBRE,OTRO,OTRO,MAYORES DE 50,0,1589.76
190626,LS-040,WILD ROSE SUNGLASS,LEN,LENTES,L,SPO,SPORT,S,M,MUJER,QUE,QUEENS PLACE,NY,NEW YORK,US,ESTADOS UNIDOS,USA,PRE,1,44434,2021,08-AGO,307.9125,2123.63,,,,,0,248256,43887,35922,23,M,MUJER,REV,REVISTA,ENTRE 21 Y 30,0,2123.63
218082,AL-020,IKARVS XXI PEN,ACC,ACCESORIOS,A,LUX,LUXURY,L,H,HOMBRE,TLA,PLAZA TLAQUEPAQUE,JAL,JALISCO,MX,MÉXICO,MEX,EST,1,44552,2021,12-DIC,73.3125,1379.92,,,,,0,689578,43844,31496,35,H,HOMBRE,OTRO,OTRO,ENTRE 31 Y 40,0,1379.92
169242,LL-020,RACER,LEN,LENTES,L,LUX,LUXURY,L,H,HOMBRE,TLA,PLAZA TLAQUEPAQUE,JAL,JALISCO,MX,MÉXICO,MEX,EST,1,44243,2021,02-FEB,324.7,4399.85,,,,,0,,,,,,,,,,0,4399.85
206578,AL-010,EYEGLASS & WATCH CASE,ACC,ACCESORIOS,A,LUX,LUXURY,L,U,UNISEX,MHT,MANHATTAN MALL,NY,NEW YORK,US,ESTADOS UNIDOS,USA,PRE,1,44526,2021,11-NOV,268.8125,1499.97,,,,,0,201613,43842,30472,38,M,MUJER,FBIG,FACEBOOK/INSTAGRAM,ENTRE 31 Y 40,0,1499.97
155678,AL-030,IKARVS KEY RING,ACC,ACCESORIOS,A,LUX,LUXURY,L,U,UNISEX,QUE,QUEENS PLACE,NY,NEW YORK,US,ESTADOS UNIDOS,USA,PRE,1,44163,2020,11-NOV,40.05,607.29,,,,,0,481683,43883,29372,41,M,MUJER,EMAIL,CORREO ELECTRÓNICO,ENTRE 41 Y 50,0,607.29
132058,LL-020,RACER,LEN,LENTES,L,LUX,LUXURY,L,H,HOMBRE,SCT,SOUTH COAST,CA,CALIFORNIA,US,ESTADOS UNIDOS,USA,PRE,1,43877,2020,02-FEB,324.7,4179.8575,,,,,0,567236,43852,35816,23,H,HOMBRE,OTRO,OTRO,ENTRE 21 Y 30,0,4179.8575
184390,AL-020,IKARVS XXI PEN,ACC,ACCESORIOS,A,LUX,LUXURY,L,H,HOMBRE,PER,PERISUR COYOACÁN,CDMX,CIUDAD DE MÉXICO,MX,MÉXICO,MEX,PRE,1,44344,2021,05-MAY,66.4,1254.89,,,,,0,644664,43840,30679,38,H,HOMBRE,WS,WEB SITE,ENTRE 31 Y 40,0,1254.89
136074,LL-020,RACER,LEN,LENTES,L,LUX,LUXURY,L,H,HOMBRE,PER,PERISUR COYOACÁN,CDMX,CIUDAD DE MÉXICO,MX,MÉXICO,MEX,PRE,1,43925,2020,04-ABR,324.7,4179.8575,,,,,0,,,,,,,,,,0,4179.8575
143726,LL-020,RACER,LEN,LENTES,L,LUX,LUXURY,L,H,HOMBRE,WDF,WOODFIELD,IL,ILLINOIS,US,ESTADOS UNIDOS,USA,PRE,1,44050,2020,08-AGO,324.7,4399.85,,,,,0,451853,43843,33020,31,H,HOMBRE,OTRO,OTRO,ENTRE 31 Y 40,0,4399.85
173314,AX-040,THE IKARVS CLOTCH BAG,ACC,ACCESORIOS,A,EXC,EXCLUSIVE,X,M,MUJER,MHT,MANHATTAN MALL,NY,NEW YORK,US,ESTADOS UNIDOS,USA,PRE,1,44273,2021,03-MAR,382.5,17783.96,,,,,0,538335,43877,21959,61,H,HOMBRE,OTRO,OTRO,MAYORES DE 50,0,17783.96
202924,AX-040,THE IKARVS CLOTCH BAG,ACC,ACCESORIOS,A,EXC,EXCLUSIVE,X,M,MUJER,PER,PERISUR COYOACÁN,CDMX,CIUDAD DE MÉXICO,MX,MÉXICO,MEX,PRE,1,44515,2021,11-NOV,439.875,17783.96,,,,,0,679032,43868,37547,19,H,HOMBRE,OTRO,OTRO,MENORES DE 21,0,17783.96
175214,AL-010,EYEGLASS & WATCH CASE,ACC,ACCESORIOS,A,LUX,LUXURY,L,U,UNISEX,QUE,QUEENS PLACE,NY,NEW YORK,US,ESTADOS UNIDOS,USA,PRE,1,44290,2021,04-ABR,233.75,1499.97,,,,,0,,,,,,,,,,0,1499.97
164436,WL-020,BLUE ROSE,REL,RELOJ,W,LUX,LUXURY,L,M,MUJER,MAG,CENTRO MAGNO,JAL,JALISCO,MX,MÉXICO,MEX,PRE,1,44202,2021,01-ENE,3570,21006.84,,,,,0,,,,,,,,,,0,21006.84
158762,AX-040,THE IKARVS CLOTCH BAG,ACC,ACCESORIOS,A,EXC,EXCLUSIVE,X,M,MUJER,PFA,FIESTA FASHION DRIVE,NL,NUEVO LEÓN,MX,MÉXICO,MEX,PRE,1,44175,2020,12-DIC,382.5,17783.96,,,,,0,,,,,,,,,,0,17783.96
173946,LL-020,RACER,LEN,LENTES,L,LUX,LUXURY,L,H,HOMBRE,MHT,MANHATTAN MALL,NY,NEW YORK,US,ESTADOS UNIDOS,USA,PRE,1,44279,2021,03-MAR,324.7,4399.85,,,,,0,,,,,,,,,,0,4399.85
144304,AL-010,EYEGLASS & WATCH CASE,ACC,ACCESORIOS,A,LUX,LUXURY,L,U,UNISEX,QUE,QUEENS PLACE,NY,NEW YORK,US,ESTADOS UNIDOS,USA,PRE,1,44061,2020,08-AGO,233.75,1499.97,,,,,0,203780,43888,29275,41,M,MUJER,REV,REVISTA,ENTRE 41 Y 50,0,1499.97
141638,LL-010,TREVORY,LEN,LENTES,L,LUX,LUXURY,L,H,HOMBRE,MHT,MANHATTAN MALL,NY,NEW YORK,US,ESTADOS UNIDOS,USA,PRE,1,44005,2020,06-JUN,208.25,3924.5,,,,,0,,,,,,,,,,0,3924.5
175426,AL-030,IKARVS KEY RING,ACC,ACCESORIOS,A,LUX,LUXURY,L,U,UNISEX,QUE,QUEENS PLACE,NY,NEW YORK,US,ESTADOS UNIDOS,USA,PRE,2,44292,2021,04-ABR,40.05,607.29,,,,,0,553049,43877,22375,60,M,MUJER,OTRO,OTRO,MAYORES DE 50,0,1214.58
189846,AL-030,IKARVS KEY RING,ACC,ACCESORIOS,A,LUX,LUXURY,L,U,UNISEX,PER,PERISUR COYOACÁN,CDMX,CIUDAD DE MÉXICO,MX,MÉXICO,MEX,PRE,1,44421,2021,08-AGO,43.9875,653.37,,,,,0,418433,43839,25769,51,H,HOMBRE,OTRO,OTRO,MAYORES DE 50,0,653.37
183602,LS-030,SERIE T,LEN,LENTES,L,SPO,SPORT,S,U,UNISEX,WDF,WOODFIELD,IL,ILLINOIS,US,ESTADOS UNIDOS,USA,PRE,1,44339,2021,05-MAY,220.4,1589.76,,,,,0,,,,,,,,,,0,1589.76
143836,AL-030,IKARVS KEY RING,ACC,ACCESORIOS,A,LUX,LUXURY,L,U,UNISEX,MHT,MANHATTAN MALL,NY,NEW YORK,US,ESTADOS UNIDOS,USA,PRE,1,44052,2020,08-AGO,40.05,607.29,,,,,0,327520,43837,30737,37,H,HOMBRE,FBIG,FACEBOOK/INSTAGRAM,ENTRE 31 Y 40,0,607.29
201278,LS-040,WILD ROSE SUNGLASS,LEN,LENTES,L,SPO,SPORT,S,M,MUJER,WDF,WOODFIELD,IL,ILLINOIS,US,ESTADOS UNIDOS,USA,PRE,1,44510,2021,11-NOV,307.9125,2123.63,,,,,0,,,,,,,,,,0,2123.63
158580,WX-010,AIR MASTER PRO,REL,RELOJ,W,EXC,EXCLUSIVE,X,H,HOMBRE,PFA,FIESTA FASHION DRIVE,NL,NUEVO LEÓN,MX,MÉXICO,MEX,PRE,1,44175,2020,12-DIC,3102.8,26841.7,,,,,0,231870,43846,28003,45,H,HOMBRE,OTRO,OTRO,ENTRE 41 Y 50,0,26841.7
157050,AL-030,IKARVS KEY RING,ACC,ACCESORIOS,A,LUX,LUXURY,L,U,UNISEX,GLL,THE GALLERÍA,TX,TEXAS,US,ESTADOS UNIDOS,USA,PRE,1,44168,2020,12-DIC,40.05,607.29,,,,,0.3,,,,,,,,,,0.05,394.7385
129018,AL-020,IKARVS XXI PEN,ACC,ACCESORIOS,A,LUX,LUXURY,L,H,HOMBRE,WDF,WOODFIELD,IL,ILLINOIS,US,ESTADOS UNIDOS,USA,PRE,1,43850,2020,01-ENE,63.75,1204.6944,,,,,0,413414,43840,28933,42,H,HOMBRE,FBIG,FACEBOOK/INSTAGRAM,ENTRE 41 Y 50,0,1204.6944
145844,AL-010,EYEGLASS & WATCH CASE,ACC,ACCESORIOS,A,LUX,LUXURY,L,U,UNISEX,WDF,WOODFIELD,IL,ILLINOIS,US,ESTADOS UNIDOS,USA,PRE,1,44087,2020,09-SEP,233.75,1499.97,,,,,0,163118,43882,26099,50,H,HOMBRE,OTRO,OTRO,ENTRE 41 Y 50,0,1499.97
132650,AL-030,IKARVS KEY RING,ACC,ACCESORIOS,A,LUX,LUXURY,L,U,UNISEX,MAG,CENTRO MAGNO,JAL,JALISCO,MX,MÉXICO,MEX,PRE,1,43881,2020,02-FEB,38.25,570.8526,,,,,0,,,,,,,,,,0,570.8526
195898,AL-030,IKARVS KEY RING,ACC,ACCESORIOS,A,LUX,LUXURY,L,U,UNISEX,PFA,FIESTA FASHION DRIVE,NL,NUEVO LEÓN,MX,MÉXICO,MEX,PRE,1,44482,2021,10-OCT,43.9875,653.37,,,,,0,,,,,,,,,,0,653.37
208182,LS-030,SERIE T,LEN,LENTES,L,SPO,SPORT,S,U,UNISEX,GLL,THE GALLERÍA,TX,TEXAS,US,ESTADOS UNIDOS,USA,PRE,1,44530,2021,11-NOV,215.05,1800.55,,,,,0,,,,,,,,,,0,1800.55
130400,LS-040,WILD ROSE SUNGLASS,LEN,LENTES,L,SPO,SPORT,S,M,MUJER,GLL,THE GALLERÍA,TX,TEXAS,US,ESTADOS UNIDOS,USA,PRE,1,43867,2020,02-FEB,267.75,1796.058,VAL2020,43862,43875,TODOS,0.3,,,,,,,,,,0.05,1167.4377
165274,WX-010,AIR MASTER PRO,REL,RELOJ,W,EXC,EXCLUSIVE,X,H,HOMBRE,SCT,SOUTH COAST,CA,CALIFORNIA,US,ESTADOS UNIDOS,USA,PRE,1,44217,2021,01-ENE,3102.8,26841.7,,,,,0,777960,43839,19710,68,H,HOMBRE,OTRO,OTRO,MAYORES DE 50,0,26841.7
167060,AL-020,IKARVS XXI PEN,ACC,ACCESORIOS,A,LUX,LUXURY,L,H,HOMBRE,PFA,FIESTA FASHION DRIVE,NL,NUEVO LEÓN,MX,MÉXICO,MEX,PRE,1,44233,2021,02-FEB,66.4,1254.89,,,,,0,,,,,,,,,,0,1254.89
161442,LS-040,WILD ROSE SUNGLASS,LEN,LENTES,L,SPO,SPORT,S,M,MUJER,WDF,WOODFIELD,IL,ILLINOIS,US,ESTADOS UNIDOS,USA,PRE,1,44186,2020,12-DIC,301.55,1910.7,,,,,0,785179,43879,34423,27,H,HOMBRE,OTRO,OTRO,ENTRE 21 Y 30,0,1910.7
153308,WL-020,BLUE ROSE,REL,RELOJ,W,LUX,LUXURY,L,M,MUJER,MHT,MANHATTAN MALL,NY,NEW YORK,US,ESTADOS UNIDOS,USA,PRE,1,44152,2020,11-NOV,3570,21006.84,,,,,0,,,,,,,,,,0,21006.84
209892,AL-010,EYEGLASS & WATCH CASE,ACC,ACCESORIOS,A,LUX,LUXURY,L,U,UNISEX,SCT,SOUTH COAST,CA,CALIFORNIA,US,ESTADOS UNIDOS,USA,PRE,1,44534,2021,12-DIC,268.8125,1499.97,,,,,0,527607,43858,33687,29,H,HOMBRE,FBIG,FACEBOOK/INSTAGRAM,ENTRE 21 Y 30,0,1499.97
139232,LS-030,SERIE T,LEN,LENTES,L,SPO,SPORT,S,U,UNISEX,MHT,MANHATTAN MALL,NY,NEW YORK,US,ESTADOS UNIDOS,USA,PRE,1,43967,2020,05-MAY,187,1589.76,,,,,0,,,,,,,,,,0,1589.76
131842,LS-040,WILD ROSE SUNGLASS,LEN,LENTES,L,SPO,SPORT,S,M,MUJER,QUE,QUEENS PLACE,NY,NEW YORK,US,ESTADOS UNIDOS,USA,PRE,1,43876,2020,02-FEB,267.75,1796.058,,,,,0,104597,43837,28169,44,H,HOMBRE,OTRO,OTRO,ENTRE 41 Y 50,0,1796.058
221888,WX-010,AIR MASTER PRO,REL,RELOJ,W,EXC,EXCLUSIVE,X,H,HOMBRE,QUE,QUEENS PLACE,NY,NEW YORK,US,ESTADOS UNIDOS,USA,PRE,2,44560,2021,12-DIC,3372.375,28555.93,,,,,0,,,,,,,,,,0,57111.86
164674,AL-030,IKARVS KEY RING,ACC,ACCESORIOS,A,LUX,LUXURY,L,U,UNISEX,SCT,SOUTH COAST,CA,CALIFORNIA,US,ESTADOS UNIDOS,USA,PRE,1,44206,2021,01-ENE,40.05,607.29,,,,,0,,,,,,,,,,0,607.29
207982,AL-030,IKARVS KEY RING,ACC,ACCESORIOS,A,LUX,LUXURY,L,U,UNISEX,PFA,FIESTA FASHION DRIVE,NL,NUEVO LEÓN,MX,MÉXICO,MEX,PRE,1,44530,2021,11-NOV,43.9875,653.37,,,,,0,278450,43835,31828,34,H,HOMBRE,EMAIL,CORREO ELECTRÓNICO,ENTRE 31 Y 40,0,653.37
164708,AL-020,IKARVS XXI PEN,ACC,ACCESORIOS,A,LUX,LUXURY,L,H,HOMBRE,SCT,SOUTH COAST,CA,CALIFORNIA,US,ESTADOS UNIDOS,USA,PRE,1,44207,2021,01-ENE,66.4,1254.89,,,,,0,403954,43876,34520,27,H,HOMBRE,AMI,AMIGOS,ENTRE 21 Y 30,0,1254.89
156544,LL-020,RACER,LEN,LENTES,L,LUX,LUXURY,L,H,HOMBRE,PER,PERISUR COYOACÁN,CDMX,CIUDAD DE MÉXICO,MX,MÉXICO,MEX,PRE,1,44167,2020,12-DIC,324.7,4399.85,,,,,0,723381,43877,25984,50,H,HOMBRE,AMI,AMIGOS,ENTRE 41 Y 50,0,4399.85
191928,LL-010,TREVORY,LEN,LENTES,L,LUX,LUXURY,L,H,HOMBRE,SCT,SOUTH COAST,CA,CALIFORNIA,US,ESTADOS UNIDOS,USA,PRE,1,44448,2021,09-SEP,239.4875,4175.88,,,,,0,235691,43835,26371,49,H,HOMBRE,FBIG,FACEBOOK/INSTAGRAM,ENTRE 41 Y 50,0,4175.88
146706,WX-010,AIR MASTER PRO,REL,RELOJ,W,EXC,EXCLUSIVE,X,H,HOMBRE,PER,PERISUR COYOACÁN,CDMX,CIUDAD DE MÉXICO,MX,MÉXICO,MEX,PRE,1,44099,2020,09-SEP,3102.8,26841.7,,,,,0,158221,43842,15536,79,H,HOMBRE,EMAIL,CORREO ELECTRÓNICO,MAYORES DE 50,0,26841.7
134996,LL-010,TREVORY,LEN,LENTES,L,LUX,LUXURY,L,H,HOMBRE,QUE,QUEENS PLACE,NY,NEW YORK,US,ESTADOS UNIDOS,USA,PRE,2,43906,2020,03-MAR,208.25,3767.52,,,,,0,573604,43873,27693,46,M,MUJER,OTRO,OTRO,ENTRE 41 Y 50,0,7535.04
141134,AL-030,IKARVS KEY RING,ACC,ACCESORIOS,A,LUX,LUXURY,L,U,UNISEX,MHT,MANHATTAN MALL,NY,NEW YORK,US,ESTADOS UNIDOS,USA,PRE,1,43993,2020,06-JUN,40.05,607.29,,,,,0,459502,43880,31609,35,H,HOMBRE,OTRO,OTRO,ENTRE 31 Y 40,0,607.29
152112,LS-040,WILD ROSE SUNGLASS,LEN,LENTES,L,SPO,SPORT,S,M,MUJER,QUE,QUEENS PLACE,NY,NEW YORK,US,ESTADOS UNIDOS,USA,PRE,1,44147,2020,11-NOV,301.55,1910.7,,,,,0,,,,,,,,,,0,1910.7
173094,AL-020,IKARVS XXI PEN,ACC,ACCESORIOS,A,LUX,LUXURY,L,H,HOMBRE,WDF,WOODFIELD,IL,ILLINOIS,US,ESTADOS UNIDOS,USA,PRE,1,44270,2021,03-MAR,66.4,1254.89,,,,,0,320582,43886,36740,21,H,HOMBRE,OTRO,OTRO,ENTRE 21 Y 30,0,1254.89
195830,AL-030,IKARVS KEY RING,ACC,ACCESORIOS,A,LUX,LUXURY,L,U,UNISEX,GLL,THE GALLERÍA,TX,TEXAS,US,ESTADOS UNIDOS,USA,PRE,1,44482,2021,10-OCT,43.9875,653.37,,,,,0,314658,43876,25434,52,H,HOMBRE,OTRO,OTRO,MAYORES DE 50,0,653.37
135600,AL-030,IKARVS KEY RING,ACC,ACCESORIOS,A,LUX,LUXURY,L,U,UNISEX,PER,PERISUR COYOACÁN,CDMX,CIUDAD DE MÉXICO,MX,MÉXICO,MEX,PRE,1,43917,2020,03-MAR,38.25,570.8526,,,,,0,299946,43885,30381,38,M,MUJER,EMAIL,CORREO ELECTRÓNICO,ENTRE 31 Y 40,0,570.8526
203726,WX-010,AIR MASTER PRO,REL,RELOJ,W,EXC,EXCLUSIVE,X,H,HOMBRE,SCT,SOUTH COAST,CA,CALIFORNIA,US,ESTADOS UNIDOS,USA,PRE,1,44517,2021,11-NOV,3372.375,28555.93,,,,,0,,,,,,,,,,0,28555.93
189260,LL-020,RACER,LEN,LENTES,L,LUX,LUXURY,L,H,HOMBRE,MHT,MANHATTAN MALL,NY,NEW YORK,US,ESTADOS UNIDOS,USA,PRE,1,44409,2021,08-AGO,373.405,4835.77,,,,,0,517291,43842,35185,25,M,MUJER,OTRO,OTRO,ENTRE 21 Y 30,0,4835.77
180992,WX-010,AIR MASTER PRO,REL,RELOJ,W,EXC,EXCLUSIVE,X,H,HOMBRE,SCT,SOUTH COAST,CA,CALIFORNIA,US,ESTADOS UNIDOS,USA,PRE,1,44325,2021,05-MAY,3102.8,26841.7,,,,,0,,,,,,,,,,0,26841.7
180202,LS-040,WILD ROSE SUNGLASS,LEN,LENTES,L,SPO,SPORT,S,M,MUJER,PFA,FIESTA FASHION DRIVE,NL,NUEVO LEÓN,MX,MÉXICO,MEX,PRE,1,44321,2021,05-MAY,301.55,1910.7,MOM2021,44287,44306,TODOS,0.25,740998,43892,32022,34,H,HOMBRE,WS,WEB SITE,ENTRE 31 Y 40,0.05,1337.49
178316,AL-030,IKARVS KEY RING,ACC,ACCESORIOS,A,LUX,LUXURY,L,U,UNISEX,PFA,FIESTA FASHION DRIVE,NL,NUEVO LEÓN,MX,MÉXICO,MEX,PRE,1,44310,2021,04-ABR,40.05,607.29,,,,,0,283452,43861,34405,27,H,HOMBRE,OTRO,OTRO,ENTRE 21 Y 30,0,607.29
136624,AL-020,IKARVS XXI PEN,ACC,ACCESORIOS,A,LUX,LUXURY,L,H,HOMBRE,MHT,MANHATTAN MALL,NY,NEW YORK,US,ESTADOS UNIDOS,USA,PRE,1,43934,2020,04-ABR,63.75,1204.6944,,,,,0,107729,43841,36209,22,H,HOMBRE,OTRO,OTRO,ENTRE 21 Y 30,0,1204.6944
209980,WX-010,AIR MASTER PRO,REL,RELOJ,W,EXC,EXCLUSIVE,X,H,HOMBRE,QUE,QUEENS PLACE,NY,NEW YORK,US,ESTADOS UNIDOS,USA,PRE,1,44534,2021,12-DIC,3372.375,28555.93,,,,,0,,,,,,,,,,0,28555.93
131838,LS-030,SERIE T,LEN,LENTES,L,SPO,SPORT,S,U,UNISEX,TEZ,PLAZA TEZONTLE,CDMX,CIUDAD DE MÉXICO,MX,MÉXICO,MEX,EST,1,43876,2020,02-FEB,187,1589.76,,,,,0,,,,,,,,,,0,1589.76
164368,AL-020,IKARVS XXI PEN,ACC,ACCESORIOS,A,LUX,LUXURY,L,H,HOMBRE,WDF,WOODFIELD,IL,ILLINOIS,US,ESTADOS UNIDOS,USA,PRE,1,44201,2021,01-ENE,66.4,1254.89,,,,,0,,,,,,,,,,0,1254.89
155696,AL-020,IKARVS XXI PEN,ACC,ACCESORIOS,A,LUX,LUXURY,L,H,HOMBRE,WDF,WOODFIELD,IL,ILLINOIS,US,ESTADOS UNIDOS,USA,PRE,1,44163,2020,11-NOV,66.4,1254.89,,,,,0,183214,43924,30461,38,M,MUJER,EMAIL,CORREO ELECTRÓNICO,ENTRE 31 Y 40,0,1254.89
201146,AL-010,EYEGLASS & WATCH CASE,ACC,ACCESORIOS,A,LUX,LUXURY,L,U,UNISEX,WDF,WOODFIELD,IL,ILLINOIS,US,ESTADOS UNIDOS,USA,PRE,1,44510,2021,11-NOV,268.8125,1499.97,,,,,0,220078,43881,36593,21,H,HOMBRE,FBIG,FACEBOOK/INSTAGRAM,ENTRE 21 Y 30,0,1499.97
212966,WS-030,FRAMBOYAN X,REL,RELOJ,W,SPO,SPORT,S,H,HOMBRE,WDF,WOODFIELD,IL,ILLINOIS,US,ESTADOS UNIDOS,USA,PRE,1,44541,2021,12-DIC,635.375,6439.72,,,,,0,348689,43865,32193,33,H,HOMBRE,FBIG,FACEBOOK/INSTAGRAM,ENTRE 31 Y 40,0,6439.72
146544,AL-010,EYEGLASS & WATCH CASE,ACC,ACCESORIOS,A,LUX,LUXURY,L,U,UNISEX,GLL,THE GALLERÍA,TX,TEXAS,US,ESTADOS UNIDOS,USA,PRE,1,44097,2020,09-SEP,233.75,1499.97,,,,,0,407320,43840,30834,37,H,HOMBRE,OTRO,OTRO,ENTRE 31 Y 40,0,1499.97
174754,WX-010,AIR MASTER PRO,REL,RELOJ,W,EXC,EXCLUSIVE,X,H,HOMBRE,GLL,THE GALLERÍA,TX,TEXAS,US,ESTADOS UNIDOS,USA,PRE,1,44287,2021,04-ABR,3102.8,26841.7,,,,,0,,,,,,,,,,0,26841.7
158470,AL-020,IKARVS XXI PEN,ACC,ACCESORIOS,A,LUX,LUXURY,L,H,HOMBRE,GAL,GALERÍAS GUADALAJARA,JAL,JALISCO,MX,MÉXICO,MEX,EST,1,44174,2020,12-DIC,66.4,1254.89,,,,,0.3,,,,,,,,,,0.05,815.6785
152326,WS-030,FRAMBOYAN X,REL,RELOJ,W,SPO,SPORT,S,H,HOMBRE,QUE,QUEENS PLACE,NY,NEW YORK,US,ESTADOS UNIDOS,USA,PRE,1,44148,2020,11-NOV,552.5,5933.5385,,,,,0,,,,,,,,,,0,5933.5385
192982,LS-040,WILD ROSE SUNGLASS,LEN,LENTES,L,SPO,SPORT,S,M,MUJER,SCT,SOUTH COAST,CA,CALIFORNIA,US,ESTADOS UNIDOS,USA,PRE,1,44457,2021,09-SEP,307.9125,2123.63,,,,,0,635409,43845,26219,50,H,HOMBRE,REV,REVISTA,ENTRE 41 Y 50,0,2123.63
167630,AL-030,IKARVS KEY RING,ACC,ACCESORIOS,A,LUX,LUXURY,L,U,UNISEX,WDF,WOODFIELD,IL,ILLINOIS,US,ESTADOS UNIDOS,USA,PRE,1,44236,2021,02-FEB,40.05,607.29,,,,,0,,,,,,,,,,0,607.29
170098,AL-010,EYEGLASS & WATCH CASE,ACC,ACCESORIOS,A,LUX,LUXURY,L,U,UNISEX,MHT,MANHATTAN MALL,NY,NEW YORK,US,ESTADOS UNIDOS,USA,PRE,1,44247,2021,02-FEB,233.75,1499.97,,,,,0,,,,,,,,,,0,1499.97
186126,LS-040,WILD ROSE SUNGLASS,LEN,LENTES,L,SPO,SPORT,S,M,MUJER,MHT,MANHATTAN MALL,NY,NEW YORK,US,ESTADOS UNIDOS,USA,PRE,1,44360,2021,06-JUN,307.9125,2123.63,,,,,0,442882,43840,33429,30,H,HOMBRE,REV,REVISTA,ENTRE 21 Y 30,0,2123.63
128456,AL-010,EYEGLASS & WATCH CASE,ACC,ACCESORIOS,A,LUX,LUXURY,L,U,UNISEX,PER,PERISUR COYOACÁN,CDMX,CIUDAD DE MÉXICO,MX,MÉXICO,MEX,PRE,1,43834,2020,01-ENE,233.75,1324.3665,,,,,0,,,,,,,,,,0,1324.3665
208894,AL-030,IKARVS KEY RING,ACC,ACCESORIOS,A,LUX,LUXURY,L,U,UNISEX,MHT,MANHATTAN MALL,NY,NEW YORK,US,ESTADOS UNIDOS,USA,PRE,1,44532,2021,12-DIC,43.9875,653.37,,,,,0,470621,43853,36392,22,H,HOMBRE,FBIG,FACEBOOK/INSTAGRAM,ENTRE 21 Y 30,0,653.37
197476,AX-040,THE IKARVS CLOTCH BAG,ACC,ACCESORIOS,A,EXC,EXCLUSIVE,X,M,MUJER,PER,PERISUR COYOACÁN,CDMX,CIUDAD DE MÉXICO,MX,MÉXICO,MEX,PRE,1,44496,2021,10-OCT,439.875,17783.96,,,,,0,292362,43857,33772,29,H,HOMBRE,OTRO,OTRO,ENTRE 21 Y 30,0,17783.96
197906,LS-040,WILD ROSE SUNGLASS,LEN,LENTES,L,SPO,SPORT,S,M,MUJER,SCT,SOUTH COAST,CA,CALIFORNIA,US,ESTADOS UNIDOS,USA,PRE,1,44500,2021,10-OCT,307.9125,2123.63,,,,,0,368150,43840,20430,66,M,MUJER,FBIG,FACEBOOK/INSTAGRAM,MAYORES DE 50,0,2123.63
174244,AL-030,IKARVS KEY RING,ACC,ACCESORIOS,A,LUX,LUXURY,L,U,UNISEX,QUE,QUEENS PLACE,NY,NEW YORK,US,ESTADOS UNIDOS,USA,PRE,1,44282,2021,03-MAR,40.05,607.29,,,,,0,193370,43876,36426,22,H,HOMBRE,EMAIL,CORREO ELECTRÓNICO,ENTRE 21 Y 30,0,607.29
176750,AL-030,IKARVS KEY RING,ACC,ACCESORIOS,A,LUX,LUXURY,L,U,UNISEX,MHT,MANHATTAN MALL,NY,NEW YORK,US,ESTADOS UNIDOS,USA,PRE,1,44300,2021,04-ABR,40.05,607.29,,,,,0,716556,43859,33517,30,H,HOMBRE,OTRO,OTRO,ENTRE 21 Y 30,0,607.29
202276,WX-010,AIR MASTER PRO,REL,RELOJ,W,EXC,EXCLUSIVE,X,H,HOMBRE,PER,PERISUR COYOACÁN,CDMX,CIUDAD DE MÉXICO,MX,MÉXICO,MEX,PRE,1,44513,2021,11-NOV,3372.375,28555.93,,,,,0,,,,,,,,,,0,28555.93
188526,AL-020,IKARVS XXI PEN,ACC,ACCESORIOS,A,LUX,LUXURY,L,H,HOMBRE,QUE,QUEENS PLACE,NY,NEW YORK,US,ESTADOS UNIDOS,USA,PRE,1,44397,2021,07-JUL,73.3125,1379.92,,,,,0,569221,43845,27770,45,H,HOMBRE,OTRO,OTRO,ENTRE 41 Y 50,0,1379.92
192468,AL-030,IKARVS KEY RING,ACC,ACCESORIOS,A,LUX,LUXURY,L,U,UNISEX,WDF,WOODFIELD,IL,ILLINOIS,US,ESTADOS UNIDOS,USA,PRE,1,44452,2021,09-SEP,43.9875,653.37,,,,,0,,,,,,,,,,0,653.37
158486,AL-030,IKARVS KEY RING,ACC,ACCESORIOS,A,LUX,LUXURY,L,U,UNISEX,MAG,CENTRO MAGNO,JAL,JALISCO,MX,MÉXICO,MEX,PRE,1,44174,2020,12-DIC,40.05,607.29,,,,,0.3,,,,,,,,,,0.05,394.7385
154134,LL-010,TREVORY,LEN,LENTES,L,LUX,LUXURY,L,H,HOMBRE,WDF,WOODFIELD,IL,ILLINOIS,US,ESTADOS UNIDOS,USA,PRE,1,44156,2020,11-NOV,208.25,3924.5,,,,,0,101793,43884,30613,38,M,MUJER,OTRO,OTRO,ENTRE 31 Y 40,0,3924.5
169168,LS-040,WILD ROSE SUNGLASS,LEN,LENTES,L,SPO,SPORT,S,M,MUJER,WDF,WOODFIELD,IL,ILLINOIS,US,ESTADOS UNIDOS,USA,PRE,2,44243,2021,02-FEB,301.55,1910.7,,,,,0,,,,,,,,,,0,3821.4
166540,AL-030,IKARVS KEY RING,ACC,ACCESORIOS,A,LUX,LUXURY,L,U,UNISEX,GAL,GALERÍAS GUADALAJARA,JAL,JALISCO,MX,MÉXICO,MEX,EST,1,44231,2021,02-FEB,40.05,607.29,,,,,0,340522,43892,27305,47,H,HOMBRE,OTRO,OTRO,ENTRE 41 Y 50,0,607.29
192814,LS-040,WILD ROSE SUNGLASS,LEN,LENTES,L,SPO,SPORT,S,M,MUJER,SCT,SOUTH COAST,CA,CALIFORNIA,US,ESTADOS UNIDOS,USA,PRE,1,44455,2021,09-SEP,307.9125,2123.63,,,,,0,,,,,,,,,,0,2123.63
160842,AX-040,THE IKARVS CLOTCH BAG,ACC,ACCESORIOS,A,EXC,EXCLUSIVE,X,M,MUJER,WDF,WOODFIELD,IL,ILLINOIS,US,ESTADOS UNIDOS,USA,PRE,1,44184,2020,12-DIC,382.5,17783.96,,,,,0,569936,43885,27179,47,H,HOMBRE,OTRO,OTRO,ENTRE 41 Y 50,0,17783.96
157528,LS-030,SERIE T,LEN,LENTES,L,SPO,SPORT,S,U,UNISEX,WDF,WOODFIELD,IL,ILLINOIS,US,ESTADOS UNIDOS,USA,PRE,1,44170,2020,12-DIC,220.4,1589.76,,,,,0,,,,,,,,,,0,1589.76
157012,LS-040,WILD ROSE SUNGLASS,LEN,LENTES,L,SPO,SPORT,S,M,MUJER,SCT,SOUTH COAST,CA,CALIFORNIA,US,ESTADOS UNIDOS,USA,PRE,1,44168,2020,12-DIC,301.55,1910.7,,,,,0,,,,,,,,,,0,1910.7
208070,AL-010,EYEGLASS & WATCH CASE,ACC,ACCESORIOS,A,LUX,LUXURY,L,U,UNISEX,MHT,MANHATTAN MALL,NY,NEW YORK,US,ESTADOS UNIDOS,USA,PRE,1,44530,2021,11-NOV,268.8125,1499.97,,,,,0,601470,43885,37785,18,M,MUJER,FBIG,FACEBOOK/INSTAGRAM,MENORES DE 21,0,1499.97
139386,AL-010,EYEGLASS & WATCH CASE,ACC,ACCESORIOS,A,LUX,LUXURY,L,U,UNISEX,MHT,MANHATTAN MALL,NY,NEW YORK,US,ESTADOS UNIDOS,USA,PRE,1,43969,2020,05-MAY,233.75,1324.3665,,,,,0,536337,43865,32804,32,H,HOMBRE,OTRO,OTRO,ENTRE 31 Y 40,0,1324.3665
169384,AL-030,IKARVS KEY RING,ACC,ACCESORIOS,A,LUX,LUXURY,L,U,UNISEX,TEZ,PLAZA TEZONTLE,CDMX,CIUDAD DE MÉXICO,MX,MÉXICO,MEX,EST,1,44244,2021,02-FEB,40.05,607.29,,,,,0,,,,,,,,,,0,607.29
136910,AX-040,THE IKARVS CLOTCH BAG,ACC,ACCESORIOS,A,EXC,EXCLUSIVE,X,M,MUJER,PER,PERISUR COYOACÁN,CDMX,CIUDAD DE MÉXICO,MX,MÉXICO,MEX,PRE,1,43938,2020,04-ABR,382.5,15705.9456,MOM2020,43922,43941,TODOS,0.25,,,,,,,,,,0.05,10994.16192
138398,AL-030,IKARVS KEY RING,ACC,ACCESORIOS,A,LUX,LUXURY,L,U,UNISEX,SCT,SOUTH COAST,CA,CALIFORNIA,US,ESTADOS UNIDOS,USA,PRE,1,43958,2020,05-MAY,38.25,570.8526,,,,,0,288403,43843,36585,21,H,HOMBRE,OTRO,OTRO,ENTRE 21 Y 30,0,570.8526
146066,AL-030,IKARVS KEY RING,ACC,ACCESORIOS,A,LUX,LUXURY,L,U,UNISEX,PER,PERISUR COYOACÁN,CDMX,CIUDAD DE MÉXICO,MX,MÉXICO,MEX,PRE,1,44090,2020,09-SEP,40.05,607.29,,,,,0,,,,,,,,,,0,607.29
221682,WS-030,FRAMBOYAN X,REL,RELOJ,W,SPO,SPORT,S,H,HOMBRE,GLL,THE GALLERÍA,TX,TEXAS,US,ESTADOS UNIDOS,USA,PRE,1,44560,2021,12-DIC,635.375,6439.72,,,,,0,194577,43844,31007,37,M,MUJER,OTRO,OTRO,ENTRE 31 Y 40,0,6439.72
177866,AL-010,EYEGLASS & WATCH CASE,ACC,ACCESORIOS,A,LUX,LUXURY,L,U,UNISEX,PFA,FIESTA FASHION DRIVE,NL,NUEVO LEÓN,MX,MÉXICO,MEX,PRE,1,44307,2021,04-ABR,233.75,1499.97,,,,,0,523432,43892,33699,29,H,HOMBRE,OTRO,OTRO,ENTRE 21 Y 30,0,1499.97
155294,AL-030,IKARVS KEY RING,ACC,ACCESORIOS,A,LUX,LUXURY,L,U,UNISEX,WDF,WOODFIELD,IL,ILLINOIS,US,ESTADOS UNIDOS,USA,PRE,1,44161,2020,11-NOV,40.05,607.29,,,,,0,109171,43910,34179,28,H,HOMBRE,FBIG,FACEBOOK/INSTAGRAM,ENTRE 21 Y 30,0,607.29
186556,WX-010,AIR MASTER PRO,REL,RELOJ,W,EXC,EXCLUSIVE,X,H,HOMBRE,WDF,WOODFIELD,IL,ILLINOIS,US,ESTADOS UNIDOS,USA,PRE,1,44365,2021,06-JUN,3372.375,28555.93,,,,,0,,,,,,,,,,0,28555.93
195686,AL-030,IKARVS KEY RING,ACC,ACCESORIOS,A,LUX,LUXURY,L,U,UNISEX,SCT,SOUTH COAST,CA,CALIFORNIA,US,ESTADOS UNIDOS,USA,PRE,1,44480,2021,10-OCT,43.9875,653.37,,,,,0,,,,,,,,,,0,653.37
195516,LL-010,TREVORY,LEN,LENTES,L,LUX,LUXURY,L,H,HOMBRE,SCT,SOUTH COAST,CA,CALIFORNIA,US,ESTADOS UNIDOS,USA,PRE,1,44479,2021,10-OCT,239.4875,4175.88,,,,,0,762027,43842,31481,35,M,MUJER,EMAIL,CORREO ELECTRÓNICO,ENTRE 31 Y 40,0,4175.88
210064,AL-010,EYEGLASS & WATCH CASE,ACC,ACCESORIOS,A,LUX,LUXURY,L,U,UNISEX,MHT,MANHATTAN MALL,NY,NEW YORK,US,ESTADOS UNIDOS,USA,PRE,1,44534,2021,12-DIC,268.8125,1499.97,,,,,0,,,,,,,,,,0,1499.97
129678,LS-040,WILD ROSE SUNGLASS,LEN,LENTES,L,SPO,SPORT,S,M,MUJER,PER,PERISUR COYOACÁN,CDMX,CIUDAD DE MÉXICO,MX,MÉXICO,MEX,PRE,1,43863,2020,02-FEB,267.75,1796.058,VAL2020,43862,43875,TODOS,0.3,592827,43843,26576,49,M,MUJER,OTRO,OTRO,ENTRE 41 Y 50,0.05,1167.4377
132654,LL-020,RACER,LEN,LENTES,L,LUX,LUXURY,L,H,HOMBRE,PAM,PABELLÓN M,NL,NUEVO LEÓN,MX,MÉXICO,MEX,EST,1,43881,2020,02-FEB,324.7,4179.8575,,,,,0,529421,43835,33043,31,M,MUJER,EMAIL,CORREO ELECTRÓNICO,ENTRE 31 Y 40,0,4179.8575
198880,WS-030,FRAMBOYAN X,REL,RELOJ,W,SPO,SPORT,S,H,HOMBRE,MHT,MANHATTAN MALL,NY,NEW YORK,US,ESTADOS UNIDOS,USA,PRE,1,44503,2021,11-NOV,635.375,6439.72,,,,,0,,,,,,,,,,0,6439.72
156790,LS-030,SERIE T,LEN,LENTES,L,SPO,SPORT,S,U,UNISEX,QUE,QUEENS PLACE,NY,NEW YORK,US,ESTADOS UNIDOS,USA,PRE,1,44167,2020,12-DIC,220.4,1589.76,,,,,0,,,,,,,,,,0,1589.76
151762,LL-020,RACER,LEN,LENTES,L,LUX,LUXURY,L,H,HOMBRE,GLL,THE GALLERÍA,TX,TEXAS,US,ESTADOS UNIDOS,USA,PRE,1,44146,2020,11-NOV,324.7,4399.85,,,,,0,526349,43844,31902,34,M,MUJER,WS,WEB SITE,ENTRE 31 Y 40,0,4399.85
135076,LL-020,RACER,LEN,LENTES,L,LUX,LUXURY,L,H,HOMBRE,SCT,SOUTH COAST,CA,CALIFORNIA,US,ESTADOS UNIDOS,USA,PRE,1,43907,2020,03-MAR,324.7,4179.8575,,,,,0,,,,,,,,,,0,4179.8575
142554,AL-030,IKARVS KEY RING,ACC,ACCESORIOS,A,LUX,LUXURY,L,U,UNISEX,WDF,WOODFIELD,IL,ILLINOIS,US,ESTADOS UNIDOS,USA,PRE,1,44024,2020,07-JUL,40.05,607.29,,,,,0,486182,43856,26029,50,H,HOMBRE,OTRO,OTRO,ENTRE 41 Y 50,0,607.29
137360,LL-020,RACER,LEN,LENTES,L,LUX,LUXURY,L,H,HOMBRE,SCT,SOUTH COAST,CA,CALIFORNIA,US,ESTADOS UNIDOS,USA,PRE,2,43944,2020,04-ABR,324.7,4179.8575,,,,,0,,,,,,,,,,0,8359.715
